"sold","date_auctn","years_old","rhammer","inchsq","signed","creation","age","yob","drec"
1,2008.75,104.75,0.17327,81.04,1,1904,39,1865,1
0,2008.42004394531,101.419998168945,,328.6,1,1907,42,1865,1
0,2007.92004394531,105.919998168945,,80,1,1902,37,1865,0
1,2007.92004394531,86.9199981689453,254.54539,480,1,1921,56,1865,0
1,2007.92004394531,84.9199981689453,325.69951,843.64,1,1923,58,1865,0
1,2007.92004394531,82.9199981689453,156.53906,1353,1,1925,60,1865,0
1,2007.75,93.75,14.94241,96.75,1,1914,49,1865,0
1,2007.75,98.75,0.4605,197.625,1,1909,44,1865,0
1,2007.5,92.5,1.05945,136.5,1,1915,50,1865,0
0,2007.42004394531,105.419998168945,,837.2,0,1902,37,1865,0
1,2007.42004394531,83.4199981689453,227.04821,480,1,1924,59,1865,0
1,2007.42004394531,81.4199981689453,186.68408,462.95,1,1926,61,1865,0
1,2007.42004394531,95.4199981689453,47.9324,480,1,1912,47,1865,0
1,2007.42004394531,92.4199981689453,40.36413,480,1,1915,50,1865,0
1,2007.42004394531,109.419998168945,32.79585,826.575,0,1898,33,1865,0
1,2007.32995605469,81.3300018310547,0.67958,188,1,1926,61,1865,0
1,2006.92004394531,91.9199981689453,87.81748,480,1,1915,50,1865,0
1,2006.92004394531,108.919998168945,33.57727,57.04,1,1898,33,1865,0
1,2006.92004394531,82.9199981689453,194.92036,480,1,1924,59,1865,0
1,2006.5,108.5,19.82161,492,1,1898,33,1865,0
1,2006.42004394531,93.4199981689453,147.217,480,1,1913,48,1865,0
1,2006.42004394531,91.4199981689453,31.10218,480,1,1915,50,1865,0
1,2006.42004394531,107.419998168945,8.81229,854.4,1,1899,34,1865,0
1,2005.92004394531,104.919998168945,10.53486,57.66,1,1901,36,1865,0
1,2005.75,99.75,9.97288,838.4,0,1906,41,1865,0
1,2005.42004394531,93.4199981689453,0.32197,134,1,1912,47,1865,0
1,2005.25,93.25,0.23822,132,1,1912,47,1865,0
1,2005,79,206.61813,480,1,1926,61,1865,0
1,2005,91,161.12132,480,1,1914,49,1865,0
0,2004.42004394531,98.4199981689453,,617.05,0,1906,41,1865,0
0,2004.42004394531,98.4199981689453,,838.4,0,1906,41,1865,0
1,2004,111,23.52748,440.44,0,1893,28,1865,0
1,2003.82995605469,104.830001831055,8.8046,24.4,1,1899,34,1865,0
1,2003.5,109.5,2.82359,54,0,1894,29,1865,0
1,2003.42004394531,81.4199981689453,465.23187,480,1,1922,57,1865,0
1,2003.42004394531,85.4199981689453,7.98726,246.25,1,1918,53,1865,0
1,2003.42004394531,85.4199981689453,13.40718,240,1,1918,53,1865,0
0,2002.92004394531,114.919998168945,,35,1,1888,23,1865,0
1,2002.42004394531,85.4199981689453,23.15611,400.4,1,1917,52,1865,0
0,2002.32995605469,84.3300018310547,,832,1,1918,53,1865,0
1,2001.92004394531,73.9199981689453,31.66197,568.83,1,1928,63,1865,1
1,2001.25,98.25,10.56938,45.6,1,1903,38,1865,1
1,2000.92004394531,93.9199981689453,26.39645,288,1,1907,42,1865,0
0,2000,81,,480,1,1919,54,1865,0
1,2000,85,60.58811,480,1,1915,50,1865,0
1,1999.82995605469,81.8300018310547,8.92326,250,1,1918,53,1865,0
1,1999.42004394531,83.4199981689453,136.91128,480,1,1916,51,1865,0
1,1999.25,93.25,2.12379,28.8,1,1906,41,1865,0
1,1999.25,97.25,16.68953,832,1,1902,37,1865,0
1,1998.42004394531,73.4199981689453,69.04842,480,1,1925,60,1865,0
0,1998.42004394531,71.4199981689453,,564.81,1,1927,62,1865,0
0,1998.32995605469,73.3300018310547,,832,1,1925,60,1865,0
1,1998.32995605469,99.3300018310547,24.66091,891,1,1899,34,1865,0
0,1998,79,,480,1,1919,54,1865,0
0,1998,89,,2849,1,1909,44,1865,0
1,1997,86,89.42346,2849,1,1911,46,1865,0
1,1997,71,20.74167,2430,1,1926,61,1865,0
1,1996.42004394531,86.4199981689453,22.37852,484,1,1910,45,1865,0
1,1996.25,95.25,11.57556,149.1,1,1901,36,1865,0
1,1996.25,85.25,7.07395,175.5,1,1911,46,1865,0
1,1995.75,71.75,0.31238,24.05,1,1924,59,1865,0
0,1996.75,98.75,,832,1,1898,33,1865,0
0,1995,71,,832,1,1924,59,1865,0
0,1995,85,,838.4,1,1910,45,1865,0
1,1994.42004394531,98.4199981689453,7.45763,30.15,1,1896,31,1865,0
1,1994,70,80.15908,491.26,1,1924,59,1865,0
1,1994,66,63.0709,560,1,1928,63,1865,0
1,1993.75,91.75,5.83988,80,1,1902,37,1865,0
1,1993.42004394531,65.4199981689453,74.39163,562.8,1,1928,63,1865,0
1,1993.42004394531,79.4199981689453,209.62048,1353,1,1914,49,1865,0
1,1993,69,221.36332,480,1,1924,59,1865,0
1,1993,72,63.24666,496.8,1,1921,56,1865,0
1,1993,90,15.4603,285,0,1903,38,1865,0
1,1993,69,62.22449,837.2,1,1924,59,1865,0
1,1993,68,2.51618,192,1,1925,60,1865,0
0,1992,86,,3300.04,1,1906,41,1865,0
1,1992,80,68.74096,832,1,1912,47,1865,0
1,1990.42004394531,91.4199981689453,15.49187,832,1,1899,34,1865,0
1,1987.42004394531,97.4199981689453,12.38938,160.14,1,1890,25,1865,0
1,1987.42004394531,96.4199981689453,11.50442,187.46,1,1891,26,1865,0
1,1987.42004394531,96.4199981689453,44.24779,164.85,1,1891,26,1865,0
1,1987.42004394531,91.4199981689453,24.77876,808.35,1,1896,31,1865,0
1,2008.82995605469,82.8300018310547,0.14383,118.75,1,1926,64,1862,1
1,2008.5,83.5,0.50636,115.625,0,1925,63,1862,1
1,2008.42004394531,83.4199981689453,3.25122,480,1,1925,63,1862,1
0,2008.42004394531,83.4199981689453,,108,1,1925,63,1862,1
0,2008,83,,108,1,1925,63,1862,1
1,2007.92004394531,97.9199981689453,26.48514,147.84,1,1910,48,1862,0
0,2007.5,82.5,,140.938,1,1925,63,1862,0
1,2007.5,87.5,0.45858,157.5,1,1920,58,1862,0
0,2007.5,87.5,,123.75,1,1920,58,1862,0
1,2007.5,82.5,0.72407,165,1,1925,63,1862,0
0,2007.32995605469,82.3300018310547,,480,1,1925,63,1862,0
1,2007.17004394531,86.1699981689453,1.37095,249.75,1,1921,59,1862,0
0,2006.92004394531,81.9199981689453,,247,1,1925,63,1862,0
1,2006.92004394531,111.919998168945,0.64356,200.564,0,1895,33,1862,0
0,2006.82995605469,81.8300018310547,,247,1,1925,63,1862,0
1,2006.42004394531,109.419998168945,0.66236,47.43,0,1897,35,1862,0
0,2004.42004394531,90.4199981689453,,720,1,1914,52,1862,0
1,2004.25,76.25,3.47408,115,1,1928,66,1862,0
1,2003.67004394531,96.6699981689453,1.43339,108.688,1,1907,45,1862,0
1,2003.17004394531,82.1699981689453,1.20576,275.8,1,1921,59,1862,0
0,1998.75,73.75,,918,1,1925,63,1862,0
0,1992.92004394531,65.9199981689453,,108,1,1927,65,1862,0
1,2008.82995605469,63.8300018310547,3.31904,33.75,1,1945,69,1876,1
1,2008.75,96.75,0.54832,1218.75,1,1912,36,1876,1
1,2008.5,106.5,0.57541,24,1,1902,26,1876,1
0,2008.5,74.5,,154,0,1934,58,1876,1
1,2008.5,65.5,1.84132,22.5,1,1943,67,1876,1
0,2008.42004394531,73.4199981689453,,97.44,1,1935,59,1876,1
1,2008.42004394531,75.4199981689453,0.5462,323,1,1933,57,1876,1
1,2008.32995605469,106.330001831055,0.39716,44.563,1,1902,26,1876,1
1,2008.25,108.25,3.7477,78.8,1,1900,24,1876,1
1,2008.17004394531,91.1699981689453,0.47018,64.625,1,1917,41,1876,1
1,2008,99,0.27131,130,1,1909,33,1876,1
1,2008,73,0.31672,32.5,1,1935,59,1876,1
0,2007.92004394531,58.9199981689453,,432,1,1949,73,1876,0
1,2007.82995605469,72.8300018310547,1.83595,95.7,1,1935,59,1876,0
1,2007.75,103.75,0.92101,204,0,1904,28,1876,0
1,2007.5,102.5,1.25707,118.75,1,1905,29,1876,0
1,2007.5,62.5,0.70396,178.8,1,1945,69,1876,0
1,2007.42004394531,100.419998168945,10.09103,468,1,1907,31,1876,0
0,2007.42004394531,82.4199981689453,,103.04,1,1925,49,1876,0
1,2007.42004394531,84.4199981689453,17.65931,716.85,1,1923,47,1876,0
1,2007.42004394531,104.419998168945,100.91032,139.1,1,1903,27,1876,0
1,2006.92004394531,98.9199981689453,72.32028,199.5,1,1908,32,1876,0
1,2006.92004394531,96.9199981689453,112.95738,396,1,1910,34,1876,0
1,2006.92004394531,63.9199981689453,77.48601,432,1,1943,67,1876,0
1,2006.92004394531,64.9199981689453,12.91433,252,1,1942,66,1876,0
0,2006.92004394531,90.9199981689453,,212.09,1,1916,40,1876,0
0,2006.92004394531,96.9199981689453,,320,1,1910,34,1876,0
1,2006.82995605469,100.830001831055,1.47969,155,1,1906,30,1876,0
1,2006.75,93.75,1.08481,492,1,1913,37,1876,0
1,2006.67004394531,64.6699981689453,0.9515,126,1,1942,66,1876,0
1,2006.5,64.5,0.49348,114.84,1,1942,66,1876,0
1,2006.42004394531,100.419998168945,4.96771,33.84,1,1906,30,1876,0
0,2006.42004394531,96.4199981689453,,320,1,1910,34,1876,0
1,2006.32995605469,64.3300018310547,1.04924,126,1,1942,66,1876,0
1,2006.25,79.25,23.51353,1044,1,1927,51,1876,0
0,2006,88,,616,1,1918,42,1876,0
1,2005.92004394531,53.9199981689453,52.67432,184,1,1952,76,1876,0
0,2005.92004394531,81.9199981689453,,30.34,1,1924,48,1876,0
0,2005.92004394531,99.9199981689453,,33.84,1,1906,30,1876,0
1,2005.92004394531,65.9199981689453,1.76678,254.375,1,1940,64,1876,0
1,2005.75,99.75,0.53026,116.44,1,1906,30,1876,0
1,2005.75,95.75,0.73902,133,1,1910,34,1876,0
1,2005.75,61.75,0.37726,253.45,1,1944,68,1876,0
1,2005.5,60.5,0.41301,249.57,1,1945,69,1876,0
1,2005.42004394531,64.4199981689453,0.87466,198,1,1941,65,1876,0
1,2005,64,0.99983,195,1,1941,65,1876,0
1,2005,53,40.65682,96.3,1,1952,76,1876,0
1,2005,97,79.83489,373.95,1,1908,32,1876,0
1,2005,99,3559.91019,708,1,1906,30,1876,0
1,2005,93,186.52333,333.3,1,1912,36,1876,0
1,2004.92004394531,69.9199981689453,1.974,90.95,1,1935,59,1876,0
1,2004.92004394531,66.9199981689453,1.71144,79.65,1,1938,62,1876,0
1,2004.82995605469,87.8300018310547,1.56578,256.5,1,1917,41,1876,0
0,2004.82995605469,62.8300018310547,,120,1,1942,66,1876,0
1,2004.82995605469,94.8300018310547,1.75367,92,1,1910,34,1876,0
1,2004.5,94.5,1.08876,256.19,1,1910,34,1876,0
1,2004.5,102.5,1.27051,206.4,1,1902,26,1876,0
1,2004.5,78.5,16.22667,660,1,1926,50,1876,0
1,2004.42004394531,61.4199981689453,1.19067,486.75,1,1943,67,1876,0
1,2004.42004394531,69.4199981689453,30.49485,1512,1,1935,59,1876,0
0,2004.42004394531,74.4199981689453,,320,1,1930,54,1876,0
1,2004.42004394531,97.4199981689453,5.04782,171,1,1907,31,1876,0
1,2004.42004394531,97.4199981689453,1.59405,167.31,1,1907,31,1876,0
1,2004.42004394531,98.4199981689453,11.08904,134.4,1,1906,30,1876,0
1,2004.42004394531,97.4199981689453,2.1254,202.96,1,1907,31,1876,0
0,2004.42004394531,77.4199981689453,,504,1,1927,51,1876,0
1,2004.25,97.25,6.41368,48.8,1,1907,31,1876,0
0,2004.25,56.25,,116.4,1,1948,72,1876,0
0,2004.25,89.25,,438.45,0,1915,39,1876,0
1,2004.25,96.25,2.92758,31.5,1,1908,32,1876,0
0,2004,98,,26,1,1906,30,1876,0
1,2004,61,3.69497,355.5,1,1943,67,1876,0
1,2004,98,116.73929,246,1,1906,30,1876,0
1,2004,91,21.09457,1026,1,1913,37,1876,0
0,2003.5,77.5,,660,1,1926,50,1876,0
1,2003.5,64.5,2.82359,130.15,1,1939,63,1876,0
1,2003.42004394531,55.4199981689453,42.61297,418,1,1948,72,1876,0
1,2003.42004394531,93.4199981689453,12.83667,42.5,1,1910,34,1876,0
1,2003.42004394531,96.4199981689453,9.69881,77.6,1,1907,31,1876,0
1,2003.42004394531,95.4199981689453,34.23111,252,1,1908,32,1876,0
1,2003.42004394531,87.4199981689453,15.68926,655.5,1,1916,40,1876,0
1,2003.42004394531,74.4199981689453,290.96441,1512,1,1929,53,1876,0
1,2003.42004394531,93.4199981689453,10.26933,359.64,1,1910,34,1876,0
0,2003.42004394531,68.4199981689453,,1512,1,1935,59,1876,0
0,2003.42004394531,55.4199981689453,,116.4,1,1948,72,1876,0
1,2003.25,63.25,26.95227,183.69,1,1940,64,1876,0
0,2003.25,61.25,,120,1,1942,66,1876,0
1,2003.25,69.25,11.30104,86.7,1,1934,58,1876,0
1,2003,91,3560.24733,1057.04,1,1912,36,1876,0
1,2003,104,246.05721,100,1,1899,23,1876,0
1,2003,99,219.15235,110.5,1,1904,28,1876,0
1,2003,61,37.15502,104.4,1,1942,66,1876,0
1,2003,58,34.29473,72,1,1945,69,1876,0
1,2003,63,21.43301,93.5,1,1940,64,1876,0
1,2002.92004394531,59.9199981689453,2.06412,379.75,1,1943,67,1876,0
0,2002.82995605469,90.8300018310547,,189.75,1,1912,36,1876,0
1,2002.42004394531,95.4199981689453,1.70764,183.69,1,1907,31,1876,0
1,2002.42004394531,92.4199981689453,1.96379,60,1,1910,34,1876,0
1,2002.42004394531,72.4199981689453,46.31222,480,1,1930,54,1876,0
1,2002.42004394531,61.4199981689453,3.12119,203.55,1,1941,65,1876,0
1,2002.32995605469,57.3300018310547,0.71041,157.5,1,1945,69,1876,0
1,2002.32995605469,57.3300018310547,0.71041,144,1,1945,69,1876,0
0,2001.92004394531,89.9199981689453,,217.8,1,1912,36,1876,1
0,2001.92004394531,77.9199981689453,,154,1,1924,48,1876,1
1,2001.82995605469,82.8300018310547,4.28122,63.24,1,1919,43,1876,1
0,2001.5,76.5,,708,1,1925,49,1876,1
1,2001.5,91.5,3.09627,154.35,1,1910,34,1876,1
1,2001.42004394531,96.4199981689453,46.10216,419.49,1,1905,29,1876,1
1,2001.42004394531,95.4199981689453,149.47533,275.1,1,1906,30,1876,1
1,2001,66,8.97289,221.34,1,1935,59,1876,0
1,2000.92004394531,97.9199981689453,196.35508,255.6,1,1903,27,1876,0
1,2000.92004394531,101.919998168945,46.19254,112.2,1,1899,23,1876,0
1,2000.82995605469,100.830001831055,2.53134,194.4,1,1900,24,1876,0
1,2000.5,100.5,11.86689,32.4,1,1900,24,1876,0
1,2000.42004394531,75.4199981689453,131.9447,99,1,1925,49,1876,0
1,2000.42004394531,56.4199981689453,23.87241,651,1,1944,68,1876,0
1,2000.42004394531,48.4199981689453,33.96993,310,1,1952,76,1876,0
1,2000.42004394531,55.4199981689453,28.95165,720,1,1945,69,1876,0
1,2000.42004394531,58.4199981689453,11.9362,120,1,1942,66,1876,0
0,1999.92004394531,82.9199981689453,,274,1,1917,41,1876,0
0,1999.75,59.75,,125,1,1940,64,1876,0
0,1999.75,71.75,,125.19,1,1928,52,1876,0
1,1999.42004394531,47.4199981689453,9.63855,306.25,1,1952,76,1876,0
1,1999.42004394531,87.4199981689453,176.06791,333.3,1,1912,36,1876,0
1,1999.42004394531,84.4199981689453,6.62651,29.25,1,1915,39,1876,0
1,1999.25,56.25,1.09223,115,1,1943,67,1876,0
1,1999.25,96.25,31.71889,224,1,1903,27,1876,0
1,1999.07995605469,92.0800018310547,5.1609,287.24,1,1907,31,1876,0
1,1998.92004394531,78.9199981689453,1.16578,294,1,1920,44,1876,0
1,1998.82995605469,91.8300018310547,5.79887,48,1,1907,31,1876,0
1,1998.75,78.75,1.37588,62.31,1,1920,44,1876,0
0,1998.75,56.75,,300,1,1942,66,1876,0
1,1998.75,81.75,0.17551,157.5,1,1917,41,1876,0
1,1998.5,77.5,12.28501,396,1,1921,45,1876,0
1,1998.42004394531,68.4199981689453,14.76015,509.35,1,1930,54,1876,0
0,1998.42004394531,91.4199981689453,,287.24,1,1907,31,1876,0
0,1998.42004394531,53.4199981689453,,101.25,1,1945,69,1876,0
1,1998.32995605469,49.3300018310547,6.16523,775,1,1949,73,1876,0
1,1998.32995605469,92.3300018310547,4.31566,203,1,1906,30,1876,0
1,1998.32995605469,56.3300018310547,25.89396,402.5,1,1942,66,1876,0
1,1998,95,57.02888,266.64,1,1903,27,1876,0
1,1998,74,112.65311,423,1,1924,48,1876,0
0,1997.82995605469,71.8300018310547,,504,1,1926,50,1876,0
1,1997.5,89.5,20.26272,221,1,1908,32,1876,0
1,1997.5,97.5,5.9328,111.55,1,1900,24,1876,0
1,1997.5,98.5,54.47736,642.32,1,1899,23,1876,0
1,1997.32995605469,63.3300018310547,3.43965,371.25,1,1934,58,1876,0
1,1997,61,12.57071,137.7,1,1936,60,1876,0
1,1997,62,1.63419,271.95,1,1935,59,1876,0
1,1997,97,3.14268,32.4,1,1900,24,1876,0
0,1996.92004394531,81.9199981689453,,453.25,1,1915,39,1876,0
1,1996.82995605469,80.8300018310547,0.94817,283.59,1,1916,40,1876,0
1,1996.75,94.75,6.97527,118.75,1,1902,26,1876,0
1,1996.25,66.25,2.57235,298.41,1,1930,54,1876,0
0,1995.92004394531,83.9199981689453,,110.4,1,1912,36,1876,0
0,1995.75,63.75,,223.68,1,1932,56,1876,0
1,1995.75,70.75,1.69824,708,1,1925,49,1876,0
0,1995.75,56.75,,86.7,1,1939,63,1876,0
0,1995.75,88.75,,280.5,1,1907,31,1876,0
0,1995.75,91.75,,212.4,1,1904,28,1876,0
1,1995.57995605469,95.5800018310547,0.07864,23.94,1,1900,24,1876,0
1,1995.42004394531,95.4199981689453,11.83432,40,1,1900,24,1876,0
1,1995.42004394531,87.4199981689453,26.29849,197.95,1,1908,32,1876,0
1,1995.42004394531,50.4199981689453,24.65769,720,1,1945,69,1876,0
1,1995.42004394531,46.4199981689453,5.00243,178.25,1,1949,73,1876,0
0,1995.25,46.25,,247.05,1,1949,73,1876,0
0,1995.25,50.25,,450,1,1945,69,1876,0
1,1995.25,92.25,14.55026,117,1,1903,27,1876,0
0,1995.25,68.25,,220.64,1,1927,51,1876,0
0,1995,66,,1512,1,1929,53,1876,0
1,1994.92004394531,55.9199981689453,2.13618,508.75,1,1939,63,1876,0
1,1994.75,65.75,45.05876,173.6,1,1929,53,1876,0
1,1994.42004394531,49.4199981689453,12.20339,123.76,1,1945,69,1876,0
1,1994.42004394531,45.4199981689453,4.40678,34.5,1,1949,73,1876,0
1,1994.25,87.25,2.37933,85.41,1,1907,31,1876,0
1,1994.25,47.25,5.77838,522.72,1,1947,71,1876,0
1,1993.75,89.75,5.51724,237.5,1,1904,28,1876,0
0,1993.75,44.75,,34.5,1,1949,73,1876,0
1,1993.75,59.75,2.2069,168.75,1,1934,58,1876,0
1,1993.75,51.75,0.58651,126.04,1,1942,66,1876,0
1,1993.42004394531,88.4199981689453,20.80444,419.49,1,1905,29,1876,0
1,1993.42004394531,68.4199981689453,41.79801,170.24,1,1925,49,1876,0
1,1993.42004394531,87.4199981689453,0.24302,102.75,1,1906,30,1876,0
1,1993.42004394531,84.4199981689453,0.55479,136.5,1,1909,33,1876,0
1,1993.25,59.25,1.74459,373.24,1,1934,58,1876,0
1,1993.25,86.25,0.43691,206.4,1,1907,31,1876,0
1,1993.25,48.25,0.90719,140,1,1945,69,1876,0
0,1993.25,55.25,,71.4,1,1938,62,1876,0
1,1993,93,16.16304,114.75,1,1900,24,1876,0
1,1993,60,18.27126,501.8,1,1933,57,1876,0
0,1993,95,,585.66,1,1898,22,1876,0
1,1993,52,1.40548,187,1,1941,65,1876,0
1,1992.75,52.75,1.98441,135,1,1940,64,1876,0
1,1992.75,49.75,12.75691,320,1,1943,67,1876,0
1,1992.75,58.75,15.59178,216,1,1934,58,1876,0
1,1992.42004394531,90.4199981689453,114.53114,454.99,1,1902,26,1876,0
1,1992.42004394531,46.4199981689453,10.02147,79.38,1,1946,70,1876,0
1,1992.42004394531,93.4199981689453,13.60057,640.15,1,1899,23,1876,0
0,1992.32995605469,54.3300018310547,,71.4,1,1938,62,1876,0
0,1992.32995605469,54.3300018310547,,216,1,1938,62,1876,0
0,1992.25,50.25,,123.3,1,1942,66,1876,0
1,1992.25,58.25,5.75126,216,1,1934,58,1876,0
0,1992,58,,371.25,1,1934,58,1876,0
1,1992,80,5.78871,158.4,1,1912,36,1876,0
1,1992,88,57.88712,156,1,1904,28,1876,0
0,1992,85,,417.6,1,1907,31,1876,0
0,1991.75,92.75,,640.15,1,1899,23,1876,0
0,1990.82995605469,45.8300018310547,,119.34,1,1945,69,1876,1
0,1990.42004394531,47.4199981689453,,320,1,1943,67,1876,0
1,1989.42004394531,91.4199981689453,40.42037,585.66,1,1898,22,1876,0
1,1989.25,43.25,10.6383,79.38,1,1946,70,1876,0
0,1989.17004394531,47.1699981689453,,128.8,1,1942,66,1876,0
1,1988.5,48.5,6.35593,243,1,1940,64,1876,0
1,1988.5,39.5,6.35593,385,1,1949,73,1876,0
1,1988.42004394531,39.4199981689453,19.57447,178.25,1,1949,73,1876,0
1,1988,55,13.4083,468.75,1,1933,57,1876,0
1,1987.42004394531,53.4199981689453,12.38938,111.55,1,1934,58,1876,0
1,2008.42004394531,95.4199981689453,153.6587,832,0,1913,43,1870,1
1,2008,98,1.95822,69.375,1,1910,40,1870,1
0,2007.42004394531,97.4199981689453,,192,0,1910,40,1870,0
1,2007.17004394531,95.1699981689453,1.83609,65,1,1912,42,1870,0
1,2006.92004394531,95.9199981689453,92.98321,391,1,1911,41,1870,0
0,2006.92004394531,76.9199981689453,,208,0,1930,60,1870,0
0,2006.42004394531,97.4199981689453,,750,1,1909,39,1870,0
1,2006.32995605469,69.3300018310547,3.96944,174,1,1937,67,1870,0
1,2005.75,93.75,1.50905,66.34,1,1912,42,1870,0
1,2005.67004394531,69.6699981689453,89.24018,174.8,1,1936,66,1870,0
1,2005.42004394531,91.4199981689453,127.91951,480,0,1914,44,1870,0
1,2005.42004394531,75.4199981689453,86.23787,447.7,1,1930,60,1870,0
1,2005,89,410.06101,432,1,1916,46,1870,0
1,2004.42004394531,91.4199981689453,169.06159,832,0,1913,43,1870,0
1,2004,85,211.71282,510,0,1919,49,1870,0
1,2003.42004394531,68.4199981689453,110.86211,466.89,0,1935,65,1870,0
1,2003.42004394531,87.4199981689453,24.24703,224,0,1916,46,1870,0
1,2003.07995605469,67.0800018310547,184.83023,174.8,1,1936,66,1870,0
1,2000.92004394531,91.9199981689453,365.27797,750,1,1909,39,1870,0
1,2000.92004394531,90.9199981689453,27.64439,181.5,1,1910,40,1870,0
0,2000.92004394531,81.9199981689453,,510,0,1919,49,1870,0
0,2000,81,,510,0,1919,49,1870,0
0,1997.5,93.5,,832,1,1904,34,1870,0
1,1997,67,42.2833,325.5,1,1930,60,1870,0
1,1996.42004394531,94.4199981689453,174.08742,750,1,1902,32,1870,0
1,1994.25,91.25,1.69952,193.2,1,1903,33,1870,0
1,1992.42004394531,83.4199981689453,214.74588,806,1,1909,39,1870,0
1,1991.92004394531,93.9199981689453,1.37881,224.4,1,1898,28,1870,0
0,2008.42004394531,108.419998168945,,567,1,1900,27,1873,1
0,2008.42004394531,115.419998168945,,266,1,1893,20,1873,1
1,2007.25,91.25,16.52304,720,1,1916,43,1873,0
1,2006.92004394531,74.9199981689453,25.82867,320,1,1932,59,1873,0
1,2006.92004394531,88.9199981689453,7.92079,592.25,1,1918,45,1873,0
1,2006.5,112.5,33.47266,750,1,1894,21,1873,0
0,2006,71,,20,1,1935,62,1873,0
0,2005.92004394531,89.9199981689453,,720,1,1916,43,1873,0
1,2005.42004394531,89.4199981689453,1.4678,130,1,1916,43,1873,0
1,2005,91,46.26795,291.84,1,1914,41,1873,0
1,2005,93,14.96904,320,1,1912,39,1873,0
1,2004.5,91.5,1.55506,125,1,1913,40,1873,0
0,2003.25,85.25,,462.95,1,1918,45,1873,0
1,2003,101,31.43923,488.84,1,1902,29,1873,0
0,2002.75,105.75,,206.4,1,1897,24,1873,0
1,2001.42004394531,91.4199981689453,23.54153,345,0,1910,37,1873,1
1,2001,87,22.41147,323.61,1,1914,41,1873,0
1,1999.42004394531,84.4199981689453,43.53779,484,1,1915,42,1873,0
1,1999,96,80.45786,1397.25,1,1903,30,1873,0
1,1998,88,112.65311,735,1,1910,37,1873,0
1,1998,92,53.93864,750,1,1906,33,1873,0
1,1996.42004394531,88.4199981689453,122.93653,1320,1,1908,35,1873,0
0,1993,90,,1397.25,1,1903,30,1873,0
0,1992.42004394531,79.4199981689453,,482,1,1913,40,1873,0
1,1992.32995605469,80.3300018310547,7.89096,320,1,1912,39,1873,0
1,1990.75,58.75,18.86792,320,1,1932,59,1873,1
1,1989,86,91.13505,750,1,1903,30,1873,0
0,1987.42004394531,89.4199981689453,,238,1,1898,25,1873,0
1,2008.67004394531,88.6699981689453,19.65445,280,1,1920,53,1867,1
1,2008,86,14.13091,762.5,1,1922,55,1867,1
0,2007.92004394531,87.9199981689453,,440.44,1,1920,53,1867,0
0,2007.92004394531,85.9199981689453,,320,1,1922,55,1867,0
1,2007.42004394531,85.4199981689453,37.84137,320,1,1922,55,1867,0
1,2007.17004394531,105.169998168945,10.77175,567,1,1902,35,1867,0
1,2007.17004394531,74.1699981689453,0.244,67.735,1,1933,66,1867,0
1,2006.82995605469,101.830001831055,6.41407,390.42,1,1905,38,1867,0
0,2006.75,84.75,,762.5,1,1922,55,1867,0
1,2006.42004394531,71.4199981689453,0.27255,65,1,1935,68,1867,0
1,2006.25,80.25,9.40541,750,1,1926,59,1867,0
1,2005.92004394531,89.9199981689453,94.81377,1743.3,1,1916,49,1867,0
1,2005.92004394531,85.9199981689453,0.22968,99,1,1920,53,1867,0
1,2005.92004394531,70.9199981689453,0.21033,65,1,1935,68,1867,0
1,2005.07995605469,105.080001831055,3.00104,133,1,1900,33,1867,0
1,2005,76,10.34225,280,1,1929,62,1867,0
0,2004.75,81.75,,115,1,1923,56,1867,0
1,2004.25,89.25,8.55158,327.24,0,1915,48,1867,0
1,2004.25,104.25,1.59674,133,1,1900,33,1867,0
1,2003.82995605469,83.8300018310547,3.08161,55.51,0,1920,53,1867,0
1,2003.42004394531,87.4199981689453,127.58867,266,1,1916,49,1867,0
0,2002.32995605469,98.3300018310547,,192,1,1904,37,1867,0
1,2002.32995605469,78.3300018310547,0.51856,33.75,1,1924,57,1867,0
1,2002,94,109.53674,817.8,1,1908,41,1867,0
1,2001.92004394531,81.9199981689453,23.02511,442.86,1,1920,53,1867,1
1,2000,67,0.43272,66.5,1,1933,66,1867,0
1,1999.42004394531,77.4199981689453,58.59803,320,1,1922,55,1867,0
1,1999.25,74.25,0.6068,80.64,1,1925,58,1867,0
1,1998.42004394531,92.4199981689453,14.76015,750,1,1906,39,1867,0
1,1998.42004394531,83.4199981689453,1.53752,750,1,1915,48,1867,0
1,1998.42004394531,76.4199981689453,62.89836,758.02,1,1922,55,1867,0
1,1997,73,6.28536,336,1,1924,57,1867,0
1,1996.42004394531,91.4199981689453,5.55988,390.42,1,1905,38,1867,0
1,1996.42004394531,106.419998168945,0.50039,92.15,1,1890,23,1867,0
1,1996,80,0.97466,78.54,1,1916,49,1867,0
1,1995.42004394531,90.4199981689453,36.011,846.65,1,1905,38,1867,0
1,1994.42004394531,72.4199981689453,63.91371,320,1,1922,55,1867,0
1,1993.42004394531,93.4199981689453,11.79521,505.12,1,1900,33,1867,0
1,1993,63,4.91918,280,1,1930,63,1867,0
0,1992.25,69.25,,320,1,1923,56,1867,0
0,1991.42004394531,91.4199981689453,,505.12,1,1900,33,1867,0
0,1990.92004394531,67.9199981689453,,320,1,1923,56,1867,1
0,1989,81,,817.8,1,1908,41,1867,0
1,1989,69,14.91301,280,1,1920,53,1867,0
0,2008.92004394531,83.9199981689453,,480,1,1925,54,1871,1
1,2008.75,82.75,1.49142,22.715,1,1926,55,1871,1
1,2008.5,62.5,0.95749,149.958,1,1946,75,1871,1
0,2008.07995605469,70.0800018310547,,66.5,1,1938,67,1871,1
1,2008,93,0.7235,96.015,1,1915,44,1871,1
1,2007.92004394531,91.9199981689453,52.57499,480,1,1916,45,1871,0
1,2007.92004394531,99.9199981689453,16.99793,105.3,1,1908,37,1871,0
1,2007.92004394531,90.9199981689453,114.24189,480,1,1917,46,1871,0
1,2007.75,77.75,0.57563,259.2,1,1930,59,1871,0
0,2007.67004394531,78.6699981689453,,219.938,1,1929,58,1871,0
1,2007.42004394531,79.4199981689453,4.83529,520,1,1928,57,1871,0
1,2006.92004394531,98.9199981689453,28.41154,93.09,1,1908,37,1871,0
1,2006.92004394531,60.9199981689453,18.08007,320,1,1946,75,1871,0
1,2006.5,93.5,1.98216,250.19,1,1913,42,1871,0
1,2006.42004394531,91.4199981689453,98.49025,480,1,1915,44,1871,0
1,2006.25,90.25,0.6347,29.4,0,1916,45,1871,0
1,2006.25,61.25,1.50225,216,1,1945,74,1871,0
0,2006,80,,529.24,1,1926,55,1871,0
0,2006,76,,648,1,1930,59,1871,0
0,2006,60,,459,1,1946,75,1871,0
1,2005.92004394531,80.9199981689453,14.48544,320,1,1925,54,1871,0
1,2005.75,97.75,13.07847,93.09,1,1908,37,1871,0
1,2005,94,161.12132,576.4,1,1911,40,1871,0
1,2005,93,3.65154,120.9,1,1912,41,1871,0
1,2005,86,422.76201,480,1,1919,48,1871,0
1,2005,57,23.13397,480,1,1948,77,1871,0
1,2005,86,38.10301,480,1,1919,48,1871,0
1,2004.92004394531,81.9199981689453,22.68037,396,1,1923,52,1871,0
0,2004.75,76.75,,594,1,1928,57,1871,0
1,2004.5,74.5,2.85866,259.2,1,1930,59,1871,0
1,2004.42004394531,90.4199981689453,33.26711,480,1,1914,43,1871,0
0,2004.25,76.25,,594,1,1928,57,1871,0
1,2004,88,0.59303,30.15,1,1916,45,1871,0
1,2004,83,1.29439,77,1,1921,50,1871,0
1,2004,69,12.32392,396,1,1935,64,1871,0
1,2004,90,125.80037,480,1,1914,43,1871,0
1,2004,86,14.0068,480,1,1918,47,1871,0
1,2003.82995605469,60.8300018310547,7.18367,320,1,1943,72,1871,0
1,2003.82995605469,80.8300018310547,25.29217,396,1,1923,52,1871,0
1,2003.42004394531,96.4199981689453,2948.54312,824.2,1,1907,36,1871,0
1,2003.25,73.25,11.41925,480,1,1930,59,1871,0
1,2003,95,40.01052,99,1,1908,37,1871,0
1,2003,71,14.86105,720,1,1932,61,1871,0
1,2003,96,2268.81384,569.75,1,1907,36,1871,0
0,2002.5,53.5,,254.25,1,1949,78,1871,0
0,2002.42004394531,100.419998168945,,774.4,1,1902,31,1871,0
1,2002,73,0.87545,93.09,1,1929,58,1871,0
1,2001.92004394531,85.9199981689453,22.91554,480,1,1916,45,1871,1
1,2001.82995605469,65.8300018310547,10.14452,528,1,1936,65,1871,1
1,2001.5,58.5,4.27881,153,1,1943,72,1871,1
1,2001.5,70.5,3.09627,126,1,1931,60,1871,1
1,2001.42004394531,95.4199981689453,5.76277,219.8,1,1906,35,1871,1
1,2000.92004394531,84.9199981689453,46.29861,320,1,1916,45,1871,0
1,2000.75,58.75,1.15005,171.25,1,1942,71,1871,0
0,2000.5,72.5,,112.24,1,1928,57,1871,0
1,1999.75,53.75,0.2332,104,0,1946,75,1871,0
1,1999,85,1.97715,320,1,1914,43,1871,0
1,1999,85,15.81509,480,1,1914,43,1871,0
0,1998.92004394531,63.9199981689453,,512.2,1,1935,64,1871,0
1,1998.42004394531,98.4199981689453,41.37314,660,1,1900,29,1871,0
1,1998.42004394531,81.4199981689453,19.45559,594,1,1917,46,1871,0
0,1998.42004394531,74.4199981689453,,889.2,1,1924,53,1871,0
1,1998,82,50.84841,480,1,1916,45,1871,0
1,1997.5,96.5,13.10861,621,1,1901,30,1871,0
1,1997,82,50.13999,480,1,1915,44,1871,0
0,1996.42004394531,64.4199981689453,,720,1,1932,61,1871,0
1,1996.42004394531,60.4199981689453,7.03325,528,1,1936,65,1871,0
1,1995.92004394531,83.9199981689453,229.19501,480,1,1912,41,1871,0
0,1995.92004394531,95.9199981689453,,660,1,1900,29,1871,0
1,1995.92004394531,83.9199981689453,0.97593,106.14,1,1912,41,1871,0
1,1995.25,76.25,10.58201,480,1,1919,48,1871,0
1,1994.25,88.25,1.69952,285,1,1906,35,1871,0
1,1993.42004394531,85.4199981689453,7.62829,92.88,1,1908,37,1871,0
1,1993.42004394531,78.4199981689453,11.78918,480,1,1915,44,1871,0
0,1993.42004394531,75.4199981689453,,822.4,1,1918,47,1871,0
1,1992.75,67.75,15.59178,320.74,1,1925,54,1871,0
1,1992.5,66.5,1.15274,126,1,1926,55,1871,0
0,1992.32995605469,67.3300018310547,,99,1,1925,54,1871,0
1,1992,66,39.7974,832,1,1926,55,1871,0
0,1992,77,,480,1,1915,44,1871,0
1,1989.92004394531,70.9199981689453,83.39952,480,1,1919,48,1871,0
1,1989.25,72.25,49.09984,480,1,1917,46,1871,0
1,1989,70,18.22701,485,1,1919,48,1871,0
1,1988.75,53.75,15.06276,396,1,1935,64,1871,0
1,1988.75,81.75,12.5523,101.01,1,1907,36,1871,0
1,1988,60,6.48789,520,1,1928,57,1871,0
1,1987.75,57.75,1.74368,99.9,1,1930,59,1871,0
0,2008.42004394531,92.4199981689453,,271.563,1,1916,58,1858,1
1,2008.42004394531,96.4199981689453,39.86611,271.563,1,1912,54,1858,1
1,2008.42004394531,101.419998168945,102.56815,176,1,1907,49,1858,1
0,2008.42004394531,101.419998168945,,531.563,1,1907,49,1858,1
1,2008.42004394531,107.419998168945,9.67624,79.2,1,1901,43,1858,1
1,2007.42004394531,113.419998168945,381.77736,117.75,1,1894,36,1858,0
1,2006.42004394531,117.419998168945,4.13479,122.563,1,1889,31,1858,0
1,2005.92004394531,104.919998168945,203.67403,275.8,1,1901,43,1858,0
1,2005.92004394531,101.919998168945,73.74405,216,1,1904,46,1858,0
0,2005.75,116.75,,122.563,1,1889,31,1858,0
0,2004.42004394531,110.419998168945,,117.75,1,1894,36,1858,0
1,2004.42004394531,110.419998168945,41.41293,110.5,1,1894,36,1858,0
0,2004,97,,52.7,1,1907,49,1858,0
1,2003.42004394531,96.4199981689453,388.98986,143.85,1,1907,49,1858,0
1,2003.42004394531,107.419998168945,960.80495,293.94,1,1896,38,1858,0
1,2003.42004394531,94.4199981689453,22.82074,341,1,1909,51,1858,0
1,2003,104,547.3917,298.2,1,1899,41,1858,0
0,2003,88,,595.7,0,1915,57,1858,0
0,2002,82,,90.4,0,1920,62,1858,0
1,2001.42004394531,107.419998168945,204.39999,134.64,1,1894,36,1858,1
0,2001.42004394531,102.419998168945,,165,1,1899,41,1858,1
1,2001.25,111.25,18.82823,85,1,1890,32,1858,1
1,2000.92004394531,93.9199981689453,29.07702,52.7,1,1907,49,1858,0
1,2000.92004394531,102.919998168945,1690.59121,320.85,1,1898,40,1858,0
1,2000,103,14.81043,78.75,1,1897,39,1858,0
1,2000,93,356.79664,378,1,1907,49,1858,0
1,1999.92004394531,105.919998168945,16.62708,109.8,1,1894,36,1858,0
1,1999.92004394531,107.919998168945,114.1762,110.7,1,1892,34,1858,0
0,1999.42004394531,86.4199981689453,,498.6,1,1913,55,1858,0
1,1999.42004394531,94.4199981689453,121.85104,170.5,1,1905,47,1858,0
1,1999,84,48.24707,253.75,1,1915,57,1858,0
1,1998.42004394531,85.4199981689453,41.37314,143.85,1,1913,55,1858,0
1,1998.42004394531,85.4199981689453,210.49983,396,1,1913,55,1858,0
0,1998.42004394531,101.419998168945,,78.75,1,1897,39,1858,0
1,1998.32995605469,85.3300018310547,12.94698,64.8,1,1913,55,1858,0
1,1997.5,82.5,45.11406,231.8,1,1915,57,1858,0
0,1997,82,,253.75,1,1915,57,1858,0
1,1997,81,48.56865,263.25,1,1916,58,1858,0
1,1997,82,61.13936,263.25,1,1915,57,1858,0
1,1996.75,105.75,31.49248,35,1,1891,33,1858,0
0,1995.42004394531,97.4199981689453,,132.89,1,1898,40,1858,0
1,1995,80,44.81861,170.24,1,1915,57,1858,0
0,1995,80,,231.8,1,1915,57,1858,0
1,1994,87,233.95265,531.563,1,1907,49,1858,0
1,1993.42004394531,100.419998168945,32.62514,90.2,1,1893,35,1858,0
0,1993.42004394531,80.4199981689453,,143.85,1,1913,55,1858,0
1,1993,96,172.17147,184,1,1897,39,1858,0
1,1992.42004394531,100.419998168945,25.05369,118.11,1,1892,34,1858,0
1,1989,97,41.42502,118.11,1,1892,34,1858,0
