"dateid01","div","price"
1/1/1871,1.5994,4.4363
2/1/1871,1.5686,4.4196
3/1/1871,1.5539,4.429
4/1/1871,1.5913,4.494
5/1/1871,1.6134,4.542
6/1/1871,1.6292,4.5493
7/1/1871,1.6292,4.5306
8/1/1871,1.6448,4.559
9/1/1871,1.6214,4.5456
10/1/1871,1.6054,4.4771
11/1/1871,1.6054,4.488
12/1/1871,1.5831,4.4865
1/1/1872,1.5953,4.5114
2/1/1872,1.6094,4.5156
3/1/1872,1.6054,4.5329
4/1/1872,1.5953,4.5383
5/1/1872,1.6094,4.5383
6/1/1872,1.6273,4.5359
7/1/1872,1.6544,4.5448
8/1/1872,1.6582,4.5255
9/1/1872,1.662,4.5001
10/1/1872,1.6956,4.5263
11/1/1872,1.679,4.4929
12/1/1872,1.7047,4.5314
1/1/1873,1.712,4.5394
2/1/1873,1.6993,4.5253
3/1/1873,1.7066,4.5175
4/1/1873,1.7156,4.5037
5/1/1873,1.7457,4.5275
6/1/1873,1.7834,4.5434
7/1/1873,1.7901,4.5414
8/1/1873,1.7984,4.5414
9/1/1873,1.8066,4.4619
10/1/1873,1.8374,4.3937
11/1/1873,1.8764,4.3888
12/1/1873,1.8594,4.4549
1/1/1874,1.8453,4.4922
2/1/1874,1.8453,4.5219
3/1/1874,1.8453,4.5071
4/1/1874,1.8594,4.4948
5/1/1874,1.8672,4.4762
6/1/1874,1.8916,4.4956
7/1/1874,1.884,4.4876
8/1/1874,1.8916,4.4979
9/1/1874,1.8916,4.5134
10/1/1874,1.9081,4.5274
11/1/1874,1.9169,4.5445
12/1/1874,1.9169,4.5379
1/1/1875,1.9081,4.5379
2/1/1875,1.9006,4.5357
3/1/1875,1.8931,4.5488
4/1/1875,1.8779,4.5537
5/1/1875,1.8946,4.539
6/1/1875,1.9036,4.5356
7/1/1875,1.8961,4.538
8/1/1875,1.8795,4.534
9/1/1875,1.8795,4.5334
10/1/1875,1.8718,4.5172
11/1/1875,1.8718,4.5419
12/1/1875,1.8718,4.5506
1/1/1876,1.881,4.5797
2/1/1876,1.881,4.5931
3/1/1876,1.881,4.5909
4/1/1876,1.8901,4.5612
5/1/1876,1.9257,4.5598
6/1/1876,1.953,4.5805
7/1/1876,1.953,4.5683
8/1/1876,1.9445,4.5166
9/1/1876,1.9344,4.4443
10/1/1876,1.9169,4.4205
11/1/1876,1.9066,4.3922
12/1/1876,1.8901,4.3687
1/1/1877,1.8405,4.3428
2/1/1877,1.8358,4.3082
3/1/1877,1.8485,4.3016
4/1/1877,1.7851,4.1987
5/1/1877,1.7334,4.1807
6/1/1877,1.7509,4.1617
7/1/1877,1.7029,4.1952
8/1/1877,1.7011,4.3012
9/1/1877,1.6696,4.3713
10/1/1877,1.6273,4.3927
11/1/1877,1.6014,4.3973
12/1/1877,1.5539,4.3942
1/1/1878,1.581,4.4247
2/1/1878,1.5872,4.4133
3/1/1878,1.6034,4.4531
4/1/1878,1.6094,4.4911
5/1/1878,1.6371,4.5269
6/1/1878,1.6563,4.5702
7/1/1878,1.6409,4.5791
8/1/1878,1.6233,4.5593
9/1/1878,1.6194,4.5794
10/1/1878,1.6273,4.5791
11/1/1878,1.6332,4.5876
12/1/1878,1.6525,4.6048
1/1/1879,1.6487,4.6303
2/1/1879,1.6467,4.6544
3/1/1879,1.6677,4.6496
4/1/1879,1.6882,4.6935
5/1/1879,1.6974,4.7376
6/1/1879,1.7174,4.7544
7/1/1879,1.7138,4.7627
8/1/1879,1.7228,4.7701
9/1/1879,1.6974,4.772
10/1/1879,1.6506,4.8208
11/1/1879,1.6074,4.821
12/1/1879,1.5872,4.7891
1/1/1880,1.581,4.798
2/1/1880,1.6054,4.8154
3/1/1880,1.6194,4.825
4/1/1880,1.6808,4.8406
5/1/1880,1.7334,4.788
6/1/1880,1.7766,4.8126
7/1/1880,1.7984,4.8575
8/1/1880,1.8197,4.8928
9/1/1880,1.8294,4.8806
10/1/1880,1.85,4.9091
11/1/1880,1.8594,4.9502
12/1/1880,1.8687,4.9803
1/1/1881,1.8976,5.0486
2/1/1881,1.9066,5.0353
3/1/1881,1.9242,5.0466
4/1/1881,1.933,5.0334
5/1/1881,1.9601,5.0874
6/1/1881,1.9782,5.0996
7/1/1881,1.9851,5.0541
8/1/1881,1.9824,5.0106
9/1/1881,1.9601,4.9805
10/1/1881,1.9671,4.9551
11/1/1881,1.9933,4.9709
12/1/1881,2.0082,4.9414
1/1/1882,2.0082,4.9262
2/1/1882,1.9988,4.8948
3/1/1882,1.9988,4.8931
4/1/1882,1.9906,4.8838
5/1/1882,1.981,4.8625
6/1/1882,1.9713,4.8482
7/1/1882,1.981,4.9121
8/1/1882,1.9713,4.9325
9/1/1882,1.9988,4.9696
10/1/1882,2.0082,4.9513
11/1/1882,2.0176,4.9169
12/1/1882,2.0268,4.9315
1/1/1883,2.0295,4.9264
2/1/1883,2.0229,4.8943
3/1/1883,2.0347,4.916
4/1/1883,2.0477,4.9462
5/1/1883,2.0592,4.9387
6/1/1883,2.0919,4.9769
7/1/1883,2.1138,4.9815
8/1/1883,2.1175,4.935
9/1/1883,2.1294,4.9562
10/1/1883,2.1318,4.9288
11/1/1883,2.1448,4.9539
12/1/1883,2.1377,4.9213
1/1/1884,2.1318,4.8909
2/1/1884,2.127,4.9175
3/1/1884,2.1223,4.9138
4/1/1884,2.1377,4.8882
5/1/1884,2.1541,4.825
6/1/1884,2.1483,4.7833
7/1/1884,2.1541,4.7941
8/1/1884,2.1494,4.855
9/1/1884,2.1552,4.8338
10/1/1884,2.1599,4.8116
11/1/1884,2.1782,4.8136
12/1/1884,2.1838,4.8227
1/1/1885,2.1645,4.7994
2/1/1885,2.1342,4.8182
3/1/1885,2.1377,4.8435
4/1/1885,2.1054,4.8296
5/1/1885,2.1078,4.8413
6/1/1885,2.1114,4.8605
7/1/1885,2.0782,4.8851
8/1/1885,2.0554,4.9396
9/1/1885,2.0451,4.9388
10/1/1885,2.0229,4.9953
11/1/1885,1.9865,5.0463
12/1/1885,1.9387,5.0151
1/1/1886,1.9559,5.0386
2/1/1886,1.9488,5.0576
3/1/1886,1.9544,5.0486
4/1/1886,1.9587,5.0472
5/1/1886,1.9769,5.0522
6/1/1886,1.981,5.1096
7/1/1886,1.9615,5.1121
8/1/1886,1.9416,5.1072
9/1/1886,1.9344,5.1329
10/1/1886,1.9272,5.158
11/1/1886,1.9199,5.1825
12/1/1886,1.9006,5.1439
1/1/1887,1.8871,5.1092
2/1/1887,1.8871,5.0901
3/1/1887,1.8976,5.1133
4/1/1887,1.9081,5.136
5/1/1887,1.9199,5.1531
6/1/1887,1.9416,5.1357
7/1/1887,1.9643,5.1229
8/1/1887,1.9629,5.0856
9/1/1887,1.9851,5.0846
10/1/1887,1.9838,5.0386
11/1/1887,1.9824,5.0458
12/1/1887,1.9685,5.0169
1/1/1888,1.9502,5.013
2/1/1888,1.9559,5.0188
3/1/1888,1.9488,4.9802
4/1/1888,1.953,4.9957
5/1/1888,1.9587,5.021
6/1/1888,1.9629,5.0014
7/1/1888,1.9445,5.0152
8/1/1888,1.9373,5.0364
9/1/1888,1.9301,5.0608
10/1/1888,1.911,5.0435
11/1/1888,1.8931,5.0112
12/1/1888,1.8856,4.9919
1/1/1889,1.9169,5.0463
2/1/1889,1.9242,5.0697
3/1/1889,1.933,5.0608
4/1/1889,1.9301,5.0589
5/1/1889,1.9502,5.1102
6/1/1889,1.9473,5.127
7/1/1889,1.943,5.1064
8/1/1889,1.9402,5.1195
9/1/1889,1.9228,5.1311
10/1/1889,1.9199,5.1127
11/1/1889,1.9155,5.1034
12/1/1889,1.9006,5.0855
1/1/1890,1.9242,5.1214
2/1/1890,1.9242,5.1102
3/1/1890,1.9242,5.1027
4/1/1890,1.9242,5.1233
5/1/1890,1.9125,5.1527
6/1/1890,1.9125,5.1455
7/1/1890,1.9125,5.1383
8/1/1890,1.8764,5.0782
9/1/1890,1.8641,5.0496
10/1/1890,1.8641,5.0034
11/1/1890,1.8871,4.9516
12/1/1890,1.8871,4.928
1/1/1891,1.9006,4.991
2/1/1891,1.8871,4.9912
3/1/1891,1.8764,4.9607
4/1/1891,1.8641,4.9815
5/1/1891,1.8764,4.9893
6/1/1891,1.9006,4.993
7/1/1891,1.9125,4.9887
8/1/1891,1.9125,5.0216
9/1/1891,1.9242,5.1121
10/1/1891,1.9242,5.1121
11/1/1891,1.9373,5.1096
12/1/1891,1.9373,5.1396
1/1/1892,1.9699,5.1835
2/1/1892,1.9782,5.1853
3/1/1892,2.0122,5.2225
4/1/1892,2.0321,5.2341
5/1/1892,2.0399,5.2341
6/1/1892,2.0464,5.2287
7/1/1892,2.0281,5.202
8/1/1892,2.0215,5.2033
9/1/1892,2.0281,5.1781
10/1/1892,2.036,5.1979
11/1/1892,2.0176,5.1687
12/1/1892,2.0122,5.1453
1/1/1893,1.9782,5.1265
2/1/1893,1.9699,5.0965
3/1/1893,1.9974,5.0836
4/1/1893,2.0122,5.0959
5/1/1893,2.0295,5.0156
6/1/1893,2.058,4.9923
7/1/1893,2.0869,4.9203
8/1/1893,2.1306,4.9364
9/1/1893,2.0931,4.9648
10/1/1893,2.0844,4.9811
11/1/1893,2.1138,5.0228
12/1/1893,2.1306,5.0006
1/1/1894,2.1448,5.0074
2/1/1894,2.1448,5.0351
3/1/1894,2.1599,5.093
4/1/1894,2.1459,5.1062
5/1/1894,2.1318,5.0683
6/1/1894,2.1175,5.0545
7/1/1894,2.1029,5.0336
8/1/1894,2.0592,5.0419
9/1/1894,2.0295,5.0437
10/1/1894,2.0425,5.0401
11/1/1894,2.0268,5.0401
12/1/1894,2.0255,5.0453
1/1/1895,2.0176,5.0336
2/1/1895,2.0096,5.0193
3/1/1895,2.0015,5.0193
4/1/1895,1.9516,5.0189
5/1/1895,1.9286,5.0585
6/1/1895,1.9066,5.0642
7/1/1895,1.9125,5.0821
8/1/1895,1.9184,5.1106
9/1/1895,1.9095,5.1169
10/1/1895,1.9006,5.1022
11/1/1895,1.8916,5.068
12/1/1895,1.8976,5.0213
1/1/1896,1.9081,5.0239
2/1/1896,1.9169,5.0795
3/1/1896,1.9125,5.0637
4/1/1896,1.9228,5.0874
5/1/1896,1.933,5.0977
6/1/1896,1.943,5.0944
7/1/1896,1.9387,5.0274
8/1/1896,1.9344,4.9688
9/1/1896,1.9301,5.0199
10/1/1896,1.8961,5.0122
11/1/1896,1.8625,5.0493
12/1/1896,1.8579,5.0121
1/1/1897,1.8871,5.0411
2/1/1897,1.8871,5.0315
3/1/1897,1.8871,5.034
4/1/1897,1.9006,5.0173
5/1/1897,1.9169,5.0372
6/1/1897,1.9169,5.0827
7/1/1897,1.9169,5.1263
8/1/1897,1.8718,5.1448
9/1/1897,1.8437,5.1635
10/1/1897,1.8579,5.145
11/1/1897,1.8579,5.1092
12/1/1897,1.8579,5.1304
1/1/1898,1.8672,5.1574
2/1/1898,1.861,5.1412
3/1/1898,1.8703,5.095
4/1/1898,1.8795,5.0776
5/1/1898,1.8197,5.0731
6/1/1898,1.8976,5.1795
7/1/1898,1.9199,5.1976
8/1/1898,1.9286,5.2343
9/1/1898,1.9373,5.2324
10/1/1898,1.9459,5.2113
11/1/1898,1.9544,5.2438
12/1/1898,1.9488,5.2897
1/1/1899,1.953,5.3631
2/1/1899,1.9286,5.3725
3/1/1899,1.933,5.3866
4/1/1899,1.9242,5.3854
5/1/1899,1.9286,5.3429
6/1/1899,1.9184,5.3066
7/1/1899,1.9095,5.3274
8/1/1899,1.9006,5.3395
9/1/1899,1.8656,5.2903
10/1/1899,1.8579,5.2732
11/1/1899,1.85,5.2797
12/1/1899,1.8405,5.197
1/1/1900,1.8764,5.2102
2/1/1900,1.8976,5.2161
3/1/1900,1.9315,5.2241
4/1/1900,1.9629,5.2368
5/1/1900,2.0176,5.2124
6/1/1900,2.0592,5.1945
7/1/1900,2.0769,5.1822
8/1/1900,2.1175,5.208
9/1/1900,2.1318,5.1719
10/1/1900,2.1713,5.2198
11/1/1900,2.1972,5.2951
12/1/1900,2.2343,5.3659
1/1/1901,2.2279,5.3822
2/1/1901,2.246,5.4197
3/1/1901,2.2513,5.455
4/1/1901,2.269,5.5481
5/1/1901,2.2742,5.4964
6/1/1901,2.2803,5.5914
7/1/1901,2.2732,5.5094
8/1/1901,2.2659,5.5108
9/1/1901,2.2586,5.4935
10/1/1901,2.2638,5.4822
11/1/1901,2.2576,5.4913
12/1/1901,2.2502,5.4631
1/1/1902,2.2649,5.4963
2/1/1902,2.268,5.5048
3/1/1902,2.2701,5.5061
4/1/1902,2.2607,5.5276
5/1/1902,2.2513,5.5135
6/1/1902,2.2428,5.4959
7/1/1902,2.245,5.5182
8/1/1902,2.2597,5.5563
9/1/1902,2.2502,5.5469
10/1/1902,2.1849,5.4473
11/1/1902,2.2214,5.4411
12/1/1902,2.2127,5.4066
1/1/1903,2.2061,5.4453
2/1/1903,2.2116,5.4393
3/1/1903,2.2502,5.4328
4/1/1903,2.2544,5.3911
5/1/1903,2.2824,5.3946
6/1/1903,2.2875,5.3377
7/1/1903,2.2925,5.2907
8/1/1903,2.2976,5.258
9/1/1903,2.2905,5.222
10/1/1903,2.3076,5.2006
11/1/1903,2.3234,5.2155
12/1/1903,2.3283,5.2606
1/1/1904,2.2956,5.254
2/1/1904,2.2628,5.204
3/1/1904,2.2649,5.2122
4/1/1904,2.2659,5.248
5/1/1904,2.2793,5.2499
6/1/1904,2.269,5.2514
7/1/1904,2.2597,5.2921
8/1/1904,2.2375,5.3137
9/1/1904,2.2159,5.3455
10/1/1904,2.205,5.4025
11/1/1904,2.1713,5.4326
12/1/1904,2.161,5.4423
1/1/1905,2.1668,5.4639
2/1/1905,2.1713,5.5069
3/1/1905,2.1883,5.5462
4/1/1905,2.1939,5.5339
5/1/1905,2.2105,5.4949
6/1/1905,2.2159,5.5066
7/1/1905,2.2203,5.5375
8/1/1905,2.2138,5.5626
9/1/1905,2.2311,5.5773
10/1/1905,2.2364,5.5913
11/1/1905,2.23,5.5745
12/1/1905,2.2235,5.5876
1/1/1906,2.2407,5.6216
2/1/1906,2.2586,5.6145
3/1/1906,2.2752,5.5897
4/1/1906,2.2915,5.576
5/1/1906,2.2976,5.538
6/1/1906,2.3135,5.551
7/1/1906,2.3627,5.5587
8/1/1906,2.3561,5.6073
9/1/1906,2.3599,5.6265
10/1/1906,2.3533,5.5742
11/1/1906,2.3571,5.5837
12/1/1906,2.3609,5.5639
1/1/1907,2.3805,5.5458
2/1/1907,2.3674,5.4926
3/1/1907,2.386,5.3997
4/1/1907,2.3943,5.4045
5/1/1907,2.3814,5.3483
6/1/1907,2.3786,5.3053
7/1/1907,2.386,5.3429
8/1/1907,2.3943,5.265
9/1/1907,2.4024,5.2543
10/1/1907,2.3997,5.1289
11/1/1907,2.4493,5.1101
12/1/1907,2.4782,5.1815
1/1/1908,2.4816,5.2342
2/1/1908,2.4849,5.208
3/1/1908,2.4774,5.2481
4/1/1908,2.4579,5.2895
5/1/1908,2.4501,5.342
6/1/1908,2.4423,5.3433
7/1/1908,2.4239,5.3684
8/1/1908,2.415,5.4104
9/1/1908,2.4069,5.3994
10/1/1908,2.3888,5.4008
11/1/1908,2.3693,5.4556
12/1/1908,2.3504,5.4674
1/1/1909,2.3693,5.4813
2/1/1909,2.3674,5.4416
3/1/1909,2.3749,5.4552
4/1/1909,2.3627,5.4782
5/1/1909,2.3609,5.5007
6/1/1909,2.358,5.508
7/1/1909,2.3656,5.5222
8/1/1909,2.3637,5.536
9/1/1909,2.3618,5.527
10/1/1909,2.3495,5.5114
11/1/1909,2.3476,5.4968
12/1/1909,2.3456,5.4989
1/1/1910,2.3609,5.4869
2/1/1910,2.3665,5.4506
3/1/1910,2.3533,5.4559
4/1/1910,2.3495,5.4221
5/1/1910,2.374,5.4244
6/1/1910,2.3888,5.3846
7/1/1910,2.3943,5.3328
8/1/1910,2.4096,5.3664
9/1/1910,2.4248,5.383
10/1/1910,2.4596,5.4578
11/1/1910,2.4857,5.4771
12/1/1910,2.4907,5.4488
1/1/1911,2.4907,5.4729
2/1/1911,2.5225,5.5214
3/1/1911,2.512,5.4991
4/1/1911,2.544,5.5268
5/1/1911,2.544,5.5481
6/1/1911,2.544,5.568
7/1/1911,2.5329,5.553
8/1/1911,2.5014,5.4724
9/1/1911,2.4907,5.4059
10/1/1911,2.4907,5.4117
11/1/1911,2.5014,5.4614
12/1/1911,2.512,5.4763
1/1/1912,2.5031,5.4669
2/1/1912,2.4949,5.4477
3/1/1912,2.4757,5.4557
4/1/1912,2.4476,5.4565
5/1/1912,2.4493,5.4555
6/1/1912,2.4613,5.4653
7/1/1912,2.463,5.4664
8/1/1912,2.4553,5.4792
9/1/1912,2.4467,5.4745
10/1/1912,2.4484,5.4725
11/1/1912,2.4501,5.4612
12/1/1912,2.4621,5.4344
1/1/1913,2.4519,5.4161
2/1/1913,2.4519,5.3799
3/1/1913,2.4519,5.3608
4/1/1913,2.4519,5.3596
5/1/1913,2.4621,5.3422
6/1/1913,2.4519,5.2804
7/1/1913,2.4423,5.2837
8/1/1913,2.4423,5.31
9/1/1913,2.4319,5.3094
10/1/1913,2.4319,5.2772
11/1/1913,2.4221,5.2415
12/1/1913,2.4319,5.2503
1/1/1914,2.4213,5.2905
2/1/1914,2.4213,5.3136
3/1/1914,2.4105,5.2946
4/1/1914,2.4096,5.2804
5/1/1914,2.3888,5.2763
6/1/1914,2.3777,5.2715
7/1/1914,2.3561,5.2044
8/1/1914,2.3253,5.1846
9/1/1914,2.3135,5.1846
10/1/1914,2.3115,5.1945
11/1/1914,2.2905,5.1846
12/1/1914,2.2885,5.1506
1/1/1915,2.2905,5.1681
2/1/1915,2.3026,5.1646
3/1/1915,2.3145,5.2001
4/1/1915,2.3066,5.2626
5/1/1915,2.2986,5.2291
6/1/1915,2.3006,5.2403
7/1/1915,2.3026,5.2365
8/1/1915,2.3046,5.2782
9/1/1915,2.3066,5.3146
10/1/1915,2.2986,5.3587
11/1/1915,2.2905,5.3833
12/1/1915,2.2925,5.3855
1/1/1916,2.3076,5.3598
2/1/1916,2.3321,5.3458
3/1/1916,2.3456,5.333
4/1/1916,2.3599,5.3125
5/1/1916,2.373,5.325
6/1/1916,2.386,5.3253
7/1/1916,2.4069,5.3113
8/1/1916,2.4195,5.3097
9/1/1916,2.4221,5.3316
10/1/1916,2.4239,5.3442
11/1/1916,2.4266,5.3494
12/1/1916,2.438,5.2998
1/1/1917,2.4484,5.2674
2/1/1917,2.4415,5.1841
3/1/1917,2.4604,5.2146
4/1/1917,2.4292,5.1507
5/1/1917,2.4319,5.1005
6/1/1917,2.4336,5.1052
7/1/1917,2.4664,5.0926
8/1/1917,2.4673,5.047
9/1/1917,2.4613,4.975
10/1/1917,2.463,4.9044
11/1/1917,2.4791,4.8174
12/1/1917,2.4799,4.768
1/1/1918,2.4441,4.8048
2/1/1918,2.4221,4.8278
3/1/1918,2.4141,4.8145
4/1/1918,2.3842,4.7907
5/1/1918,2.3476,4.8011
6/1/1918,2.3185,4.7888
7/1/1918,2.2752,4.7699
8/1/1918,2.2396,4.7596
9/1/1918,2.2039,4.735
10/1/1918,2.1679,4.7576
11/1/1918,2.133,4.7641
12/1/1918,2.1029,4.7319
1/1/1919,2.0968,4.7255
2/1/1919,2.109,4.7477
3/1/1919,2.0919,4.7655
4/1/1919,2.0669,4.78
5/1/1919,2.049,4.835
6/1/1919,2.0438,4.8614
7/1/1919,2.0082,4.8643
8/1/1919,1.9851,4.7775
9/1/1919,1.9727,4.7876
10/1/1919,1.9502,4.8206
11/1/1919,1.9213,4.7687
12/1/1919,1.8946,4.7175
1/1/1920,1.8703,4.6865
2/1/1920,1.8563,4.5899
3/1/1920,1.8437,4.6477
4/1/1920,1.8099,4.6096
5/1/1920,1.7918,4.53
6/1/1920,1.775,4.498
7/1/1920,1.7766,4.5016
8/1/1920,1.7967,4.4859
9/1/1920,1.8083,4.5357
10/1/1920,1.8116,4.542
11/1/1920,1.8132,4.495
12/1/1920,1.8294,4.4215
1/1/1921,1.8421,4.4855
2/1/1921,1.8656,4.5105
3/1/1921,1.8641,4.4901
4/1/1921,1.8656,4.5055
5/1/1921,1.8795,4.5578
6/1/1921,1.8764,4.4799
7/1/1921,1.8625,4.4713
8/1/1921,1.8547,4.459
9/1/1921,1.8563,4.4948
10/1/1921,1.8469,4.5083
11/1/1921,1.8437,4.5664
12/1/1921,1.8405,4.607
1/1/1922,1.8733,4.629
2/1/1922,1.8825,4.6506
3/1/1922,1.9036,4.6994
4/1/1922,1.9125,4.7583
5/1/1922,1.9213,4.7966
6/1/1922,1.9301,4.7872
7/1/1922,1.9315,4.7882
8/1/1922,1.953,4.8372
9/1/1922,1.9615,4.8629
10/1/1922,1.9629,4.8787
11/1/1922,1.9657,4.8218
12/1/1922,1.9671,4.8136
1/1/1923,1.9769,4.8331
2/1/1923,1.9796,4.8749
3/1/1923,1.9838,4.891
4/1/1923,1.981,4.8494
5/1/1923,1.9838,4.801
6/1/1923,1.981,4.7563
7/1/1923,1.9727,4.7104
8/1/1923,1.9824,4.7212
9/1/1923,1.9796,4.7215
10/1/1923,1.9769,4.7009
11/1/1923,1.9796,4.7303
12/1/1923,1.9824,4.7636
1/1/1924,1.9865,4.7959
2/1/1924,1.9947,4.8061
3/1/1924,2.0042,4.7926
4/1/1924,2.0122,4.7753
5/1/1924,2.0162,4.7717
6/1/1924,2.0189,4.7905
7/1/1924,2.0162,4.8299
8/1/1924,2.0255,4.8695
9/1/1924,2.0229,4.854
10/1/1924,2.0202,4.8351
11/1/1924,2.0229,4.8894
12/1/1924,2.0202,4.9362
1/1/1925,2.0268,4.9767
2/1/1925,2.0412,4.991
3/1/1925,2.0425,4.9586
4/1/1925,2.0554,4.9537
5/1/1925,2.0567,4.9795
6/1/1925,2.0528,4.9858
7/1/1925,2.049,5.0018
8/1/1925,2.0554,5.0152
9/1/1925,2.0631,5.0381
10/1/1925,2.0707,5.0705
11/1/1925,2.0605,5.0844
12/1/1925,2.0732,5.1061
1/1/1926,2.0857,5.1213
2/1/1926,2.098,5.1228
3/1/1926,2.115,5.0582
4/1/1926,2.1211,5.0242
5/1/1926,2.1389,5.0368
6/1/1926,2.1564,5.0889
7/1/1926,2.1793,5.1415
8/1/1926,2.1961,5.1861
9/1/1926,2.2017,5.1955
10/1/1926,2.2072,5.167
11/1/1926,2.2127,5.1743
12/1/1926,2.2235,5.1968
1/1/1927,2.245,5.2015
2/1/1927,2.2597,5.2264
3/1/1927,2.2752,5.2474
4/1/1927,2.2844,5.2717
5/1/1927,2.2885,5.2998
6/1/1927,2.2854,5.3012
7/1/1927,2.3125,5.3403
8/1/1927,2.3273,5.398
9/1/1927,2.3302,5.4474
10/1/1927,2.3331,5.4261
11/1/1927,2.3476,5.4545
12/1/1927,2.3561,5.4776
1/1/1928,2.3646,5.4816
2/1/1928,2.3851,5.4812
3/1/1928,2.3933,5.5335
4/1/1928,2.4024,5.5946
5/1/1928,2.4042,5.6192
6/1/1928,2.4186,5.5749
7/1/1928,2.4266,5.5822
8/1/1928,2.4345,5.614
9/1/1928,2.431,5.6703
10/1/1928,2.445,5.6962
11/1/1928,2.4527,5.7616
12/1/1928,2.4664,5.7713
1/1/1929,2.4782,5.8426
2/1/1929,2.4899,5.8478
3/1/1929,2.5072,5.8711
4/1/1929,2.5249,5.8711
5/1/1929,2.5297,5.8801
6/1/1929,2.5353,5.8932
7/1/1929,2.5345,5.9669
8/1/1929,2.5455,6.0222
9/1/1929,2.5557,6.0613
10/1/1929,2.5665,5.9495
11/1/1929,2.5772,5.642
12/1/1929,2.593,5.6869
1/1/1930,2.5997,5.7071
2/1/1930,2.6064,5.7737
3/1/1930,2.613,5.8167
4/1/1930,2.6079,5.8723
5/1/1930,2.6152,5.8167
6/1/1930,2.6218,5.716
7/1/1930,2.6348,5.7064
8/1/1930,2.6412,5.6995
9/1/1930,2.6362,5.693
10/1/1930,2.6433,5.551
11/1/1930,2.6504,5.4818
12/1/1930,2.6693,5.4311
1/1/1931,2.6679,5.4734
2/1/1931,2.6672,5.5597
3/1/1931,2.6596,5.5851
4/1/1931,2.6511,5.4914
5/1/1931,2.6497,5.4029
6/1/1931,2.6483,5.3834
7/1/1931,2.6333,5.4161
8/1/1931,2.6181,5.3856
9/1/1931,2.6093,5.231
10/1/1931,2.6005,5.0944
11/1/1931,2.5982,5.1214
12/1/1931,2.5893,4.9203
1/1/1932,2.5764,4.9244
2/1/1932,2.5565,4.93
3/1/1932,2.5281,4.9408
4/1/1932,2.499,4.6739
5/1/1932,2.4749,4.5576
6/1/1932,2.4432,4.4206
7/1/1932,2.4015,4.4698
8/1/1932,2.3656,4.8846
9/1/1932,2.3283,4.9846
10/1/1932,2.2885,4.8436
11/1/1932,2.2471,4.8412
12/1/1932,2.2028,4.8157
1/1/1933,2.2083,4.8698
2/1/1933,2.2138,4.7594
3/1/1933,2.2116,4.7641
4/1/1933,2.2006,4.8648
5/1/1933,2.1905,5.1174
6/1/1933,2.1713,5.2677
7/1/1933,2.1306,5.3144
8/1/1933,2.1114,5.2556
9/1/1933,2.1005,5.2472
10/1/1933,2.0894,5.1448
11/1/1933,2.0782,5.1686
12/1/1933,2.0669,5.1878
1/1/1934,2.0694,5.2434
2/1/1934,2.0631,5.3072
3/1/1934,2.0656,5.2546
4/1/1934,2.0669,5.2713
5/1/1934,2.0694,5.164
6/1/1934,2.0631,5.1697
7/1/1934,2.0656,5.1213
8/1/1934,2.0669,5.0815
9/1/1934,2.0541,5.0421
10/1/1934,2.0631,5.0574
11/1/1934,2.0656,5.0849
12/1/1934,2.0744,5.0989
1/1/1935,2.0592,5.0841
2/1/1935,2.0528,5.046
3/1/1935,2.0528,4.9805
4/1/1935,2.0373,5.0454
5/1/1935,2.0308,5.121
6/1/1935,2.0295,5.1655
7/1/1935,2.0295,5.2166
8/1/1935,2.0295,5.282
9/1/1935,2.0295,5.3029
10/1/1935,2.0528,5.3292
11/1/1935,2.0669,5.4118
12/1/1935,2.0882,5.4118
1/1/1936,2.1102,5.4655
2/1/1936,2.1306,5.5213
3/1/1936,2.1576,5.5497
4/1/1936,2.1905,5.5511
5/1/1936,2.2225,5.4965
6/1/1936,2.246,5.5309
7/1/1936,2.2742,5.5812
8/1/1936,2.3016,5.5938
9/1/1936,2.3351,5.6051
10/1/1936,2.3933,5.6561
11/1/1936,2.4484,5.6835
12/1/1936,2.5006,5.6661
1/1/1937,2.5072,5.6896
2/1/1937,2.5209,5.7187
3/1/1937,2.5273,5.7105
4/1/1937,2.5596,5.642
5/1/1937,2.5908,5.5893
6/1/1937,2.6268,5.551
7/1/1937,2.5915,5.6019
8/1/1937,2.5626,5.6121
9/1/1937,2.5257,5.4525
10/1/1937,2.5392,5.2954
11/1/1937,2.5588,5.2102
12/1/1937,2.5779,5.2009
1/1/1938,2.584,5.2408
2/1/1938,2.5825,5.2238
3/1/1938,2.5741,5.1554
4/1/1938,2.5494,5.1067
5/1/1938,2.5392,5.1228
6/1/1938,2.5209,5.1456
7/1/1938,2.4841,5.327
8/1/1938,2.4467,5.3327
9/1/1938,2.4069,5.2861
10/1/1938,2.3351,5.3989
11/1/1938,2.2492,5.3997
12/1/1938,2.1564,5.3702
1/1/1939,2.1622,5.3551
2/1/1939,2.1759,5.3542
3/1/1939,2.1827,5.3534
4/1/1939,2.1961,5.2261
5/1/1939,2.2028,5.2623
6/1/1939,2.2094,5.28
7/1/1939,2.2279,5.3042
8/1/1939,2.246,5.2896
9/1/1939,2.2428,5.3693
10/1/1939,2.2844,5.3866
11/1/1939,2.3185,5.3686
12/1/1939,2.3514,5.3446
1/1/1940,2.3637,5.3461
2/1/1940,2.3618,5.3324
3/1/1940,2.3674,5.3267
4/1/1940,2.3777,5.3365
5/1/1940,2.3878,5.1883
6/1/1940,2.3915,5.0913
7/1/1940,2.4087,5.131
8/1/1940,2.4186,5.1517
9/1/1940,2.4292,5.1931
10/1/1940,2.4292,5.2024
11/1/1940,2.4292,5.2254
12/1/1940,2.4221,5.1765
1/1/1941,2.4266,5.1784
2/1/1941,2.4319,5.1138
3/1/1941,2.4292,5.1128
4/1/1941,2.4275,5.0741
5/1/1941,2.4257,5.0451
6/1/1941,2.4096,5.0589
7/1/1941,2.4141,5.1089
8/1/1941,2.406,5.0904
9/1/1941,2.397,5.08
10/1/1941,2.3888,5.026
11/1/1941,2.3869,4.9715
12/1/1941,2.3851,4.8978
1/1/1942,2.3627,4.9042
2/1/1942,2.3466,4.866
3/1/1942,2.3243,4.7975
4/1/1942,2.3036,4.7488
5/1/1942,2.2773,4.7479
6/1/1942,2.2618,4.7971
7/1/1942,2.2354,4.8275
8/1/1942,2.2083,4.8157
9/1/1942,2.1872,4.8261
10/1/1942,2.1587,4.8851
11/1/1942,2.1365,4.8951
12/1/1942,2.1138,4.8945
1/1/1943,2.1138,4.9527
2/1/1943,2.1138,5.0104
3/1/1943,2.0956,5.0278
4/1/1943,2.0844,5.0491
5/1/1943,2.0782,5.0819
6/1/1943,2.0782,5.0994
7/1/1943,2.0894,5.1256
8/1/1943,2.1017,5.0807
9/1/1943,2.1017,5.096
10/1/1943,2.1066,5.0868
11/1/1943,2.1126,5.0394
12/1/1943,2.1175,5.0525
1/1/1944,2.1235,5.0843
2/1/1944,2.1282,5.0775
3/1/1944,2.1342,5.1052
4/1/1944,2.133,5.0819
5/1/1944,2.1389,5.0994
6/1/1944,2.1389,5.1397
7/1/1944,2.1377,5.1598
8/1/1944,2.1436,5.1451
9/1/1944,2.1483,5.1285
10/1/1944,2.1483,5.1528
11/1/1944,2.1483,5.1459
12/1/1944,2.1424,5.1618
1/1/1945,2.1483,5.1912
2/1/1945,2.1529,5.224
3/1/1945,2.1587,5.2233
4/1/1945,2.1587,5.2481
5/1/1945,2.1529,5.2796
6/1/1945,2.1412,5.2865
7/1/1945,2.1471,5.2658
8/1/1945,2.1518,5.2691
9/1/1945,2.1576,5.335
10/1/1945,2.1576,5.3759
11/1/1945,2.1576,5.4081
12/1/1945,2.1518,5.4194
1/1/1946,2.161,5.4585
2/1/1946,2.177,5.4668
3/1/1946,2.1759,5.4254
4/1/1946,2.1702,5.4825
5/1/1946,2.1645,5.4792
6/1/1946,2.1541,5.462
7/1/1946,2.1017,5.3759
8/1/1946,2.0869,5.3363
9/1/1946,2.0819,5.1669
10/1/1946,2.0719,5.1247
11/1/1946,2.058,5.0969
12/1/1946,2.058,5.117
1/1/1947,2.0631,5.1223
2/1/1947,2.0669,5.1604
3/1/1947,2.0528,5.1006
4/1/1947,2.0719,5.063
5/1/1947,2.0894,5.045
6/1/1947,2.1029,5.0747
7/1/1947,2.1066,5.1265
8/1/1947,2.1066,5.0931
9/1/1947,2.0968,5.045
10/1/1947,2.1187,5.0705
11/1/1947,2.1342,5.0545
12/1/1947,2.1412,5.0257
1/1/1948,2.133,4.9996
2/1/1948,2.1448,4.9576
3/1/1948,2.1529,4.976
4/1/1948,2.1365,5.0331
5/1/1948,2.1318,5.0765
6/1/1948,2.1235,5.1088
7/1/1948,2.1187,5.0724
8/1/1948,2.1223,5.0386
9/1/1948,2.1306,5.0272
10/1/1948,2.1576,5.0582
11/1/1948,2.1883,5.0092
12/1/1948,2.2138,5.0068
1/1/1949,2.2354,5.0221
2/1/1949,2.2618,4.9913
3/1/1949,2.2783,5.0008
4/1/1949,2.2875,4.9953
5/1/1949,2.3056,4.992
6/1/1949,2.3145,4.9314
7/1/1949,2.3292,4.9948
8/1/1949,2.3312,5.0259
9/1/1949,2.3341,5.0347
10/1/1949,2.374,5.0687
11/1/1949,2.3997,5.0782
12/1/1949,2.438,5.113
1/1/1950,2.451,5.1376
2/1/1950,2.4596,5.1569
3/1/1950,2.4639,5.1608
4/1/1950,2.4723,5.1886
5/1/1950,2.4765,5.2175
6/1/1950,2.4807,5.2294
7/1/1950,2.5039,5.1415
8/1/1950,2.5297,5.1919
9/1/1950,2.5588,5.2225
10/1/1950,2.5855,5.2549
11/1/1950,2.6145,5.2488
12/1/1950,2.6348,5.2327
1/1/1951,2.6304,5.2882
2/1/1951,2.6297,5.313
3/1/1951,2.6369,5.2921
4/1/1951,2.6455,5.3054
5/1/1951,2.6504,5.302
6/1/1951,2.6589,5.2846
7/1/1951,2.6504,5.302
8/1/1951,2.6419,5.3449
9/1/1951,2.6254,5.3627
10/1/1951,2.5967,5.3537
11/1/1951,2.5642,5.3179
12/1/1951,2.5345,5.3444
1/1/1952,2.5369,5.3772
2/1/1952,2.5471,5.3664
3/1/1952,2.5494,5.369
4/1/1952,2.5526,5.3622
5/1/1952,2.5596,5.3618
6/1/1952,2.5626,5.385
7/1/1952,2.5557,5.4058
8/1/1952,2.5557,5.4098
9/1/1952,2.5557,5.3938
10/1/1952,2.5463,5.3726
11/1/1952,2.5369,5.4038
12/1/1952,2.5273,5.4434
1/1/1953,2.5313,5.4525
2/1/1953,2.5345,5.444
3/1/1953,2.5313,5.4452
4/1/1953,2.5337,5.3947
5/1/1953,2.5321,5.3962
6/1/1953,2.5305,5.356
7/1/1953,2.5305,5.3701
8/1/1953,2.5273,5.3705
9/1/1953,2.5273,5.3234
10/1/1953,2.5305,5.3494
11/1/1953,2.5408,5.375
12/1/1953,2.5479,5.3883
1/1/1954,2.5526,5.4134
2/1/1954,2.5572,5.4352
3/1/1954,2.5619,5.4561
4/1/1954,2.5611,5.4989
5/1/1954,2.5526,5.5342
6/1/1954,2.5479,5.5422
7/1/1954,2.5526,5.5818
8/1/1954,2.5572,5.6015
9/1/1954,2.5649,5.6284
10/1/1954,2.581,5.6514
11/1/1954,2.5967,5.6898
12/1/1954,2.6152,5.7382
1/1/1955,2.6196,5.7561
2/1/1955,2.6239,5.789
3/1/1955,2.6283,5.7811
4/1/1955,2.6304,5.815
5/1/1955,2.6326,5.8108
6/1/1955,2.6348,5.8671
7/1/1955,2.6419,5.934
8/1/1955,2.6518,5.9279
9/1/1955,2.6589,5.9682
10/1/1955,2.6631,5.9166
11/1/1955,2.6672,5.9818
12/1/1955,2.6748,5.9949
1/1/1956,2.6926,5.9676
2/1/1956,2.7107,5.9739
3/1/1956,2.7279,6.0405
4/1/1956,2.7376,6.0485
5/1/1956,2.7473,6.0129
6/1/1956,2.753,5.9997
7/1/1956,2.753,6.0452
8/1/1956,2.7638,6.0429
9/1/1956,2.7676,6.0046
10/1/1956,2.746,5.9881
11/1/1956,2.7272,5.9776
12/1/1956,2.7047,5.9888
1/1/1957,2.7027,5.9668
2/1/1957,2.6973,5.9191
3/1/1957,2.6912,5.9283
4/1/1957,2.6878,5.9476
5/1/1957,2.6844,5.9817
6/1/1957,2.681,5.9944
7/1/1957,2.6797,6.0073
8/1/1957,2.6851,5.9507
9/1/1957,2.6906,5.9093
10/1/1957,2.6967,5.845
11/1/1957,2.6987,5.8196
12/1/1957,2.704,5.8191
1/1/1958,2.6933,5.8315
2/1/1958,2.6899,5.8349
3/1/1958,2.679,5.8483
4/1/1958,2.6679,5.8503
5/1/1958,2.6603,5.8819
6/1/1958,2.6525,5.9057
7/1/1958,2.649,5.9293
8/1/1958,2.6525,5.9695
9/1/1958,2.6525,5.9956
10/1/1958,2.6568,6.0354
11/1/1958,2.6568,6.0619
12/1/1958,2.6644,6.0841
1/1/1959,2.6644,6.1197
2/1/1959,2.6721,6.1077
3/1/1959,2.6755,6.1328
4/1/1959,2.6755,6.1459
5/1/1959,2.6797,6.1609
6/1/1959,2.6797,6.1488
7/1/1959,2.6803,6.1843
8/1/1959,2.6838,6.1785
9/1/1959,2.6844,6.1348
10/1/1959,2.6844,6.1305
11/1/1959,2.6878,6.1345
12/1/1959,2.6919,6.166
1/1/1960,2.7147,6.1518
2/1/1960,2.7311,6.1088
3/1/1960,2.7498,6.0951
4/1/1960,2.7486,6.1045
5/1/1960,2.7498,6.0954
6/1/1960,2.7486,6.1282
7/1/1960,2.7486,6.1031
8/1/1960,2.7486,6.1151
9/1/1960,2.7486,6.0845
10/1/1960,2.7415,6.0579
11/1/1960,2.7415,6.0897
12/1/1960,2.7415,6.1134
1/1/1961,2.7402,6.1636
2/1/1961,2.7383,6.2038
3/1/1961,2.7363,6.2347
4/1/1961,2.7363,6.261
5/1/1961,2.7363,6.2711
6/1/1961,2.7363,6.2578
7/1/1961,2.7331,6.2484
8/1/1961,2.7402,6.287
9/1/1961,2.7402,6.2758
10/1/1961,2.7505,6.2867
11/1/1961,2.7606,6.331
12/1/1961,2.7701,6.3403
1/1/1962,2.7738,6.3023
2/1/1962,2.7738,6.3155
3/1/1962,2.777,6.3165
4/1/1962,2.777,6.2808
5/1/1962,2.7801,6.2035
6/1/1962,2.7832,6.0793
7/1/1962,2.7832,6.0998
8/1/1962,2.7862,6.1266
9/1/1962,2.7862,6.1144
10/1/1962,2.7942,6.0824
11/1/1962,2.8021,6.149
12/1/1962,2.81,6.1914
1/1/1963,2.813,6.2293
2/1/1963,2.8166,6.2424
3/1/1963,2.816,6.2353
4/1/1963,2.8238,6.2813
5/1/1963,2.8314,6.3012
6/1/1963,2.8362,6.2975
7/1/1963,2.8344,6.2793
8/1/1963,2.8356,6.3065
9/1/1963,2.8373,6.3326
10/1/1963,2.8443,6.3318
11/1/1963,2.8547,6.3261
12/1/1963,2.8616,6.344
1/1/1964,2.869,6.3743
2/1/1964,2.8764,6.3865
3/1/1964,2.8837,6.4046
4/1/1964,2.8909,6.4189
5/1/1964,2.8976,6.4287
6/1/1964,2.9014,6.4195
7/1/1964,2.9069,6.4527
8/1/1964,2.9183,6.4412
9/1/1964,2.9232,6.455
10/1/1964,2.9312,6.4721
11/1/1964,2.9365,6.4758
12/1/1964,2.9444,6.4583
1/1/1965,2.9507,6.4837
2/1/1965,2.9575,6.491
3/1/1965,2.9611,6.4887
4/1/1965,2.9653,6.4986
5/1/1965,2.9735,6.5134
6/1/1965,2.9745,6.4584
7/1/1965,2.9811,6.4568
8/1/1965,2.9872,6.4753
9/1/1965,2.9937,6.5082
10/1/1965,2.9977,6.5272
11/1/1965,3.0052,6.5355
12/1/1965,3.0096,6.5278
1/1/1966,3.017,6.545
2/1/1966,3.018,6.5319
3/1/1966,3.0219,6.4868
4/1/1966,3.0219,6.5108
5/1/1966,3.0277,6.4567
6/1/1966,3.0306,6.4453
7/1/1966,3.0345,6.4397
8/1/1966,3.0354,6.3712
9/1/1966,3.0421,6.3353
10/1/1966,3.034,6.3204
11/1/1966,3.0316,6.3693
12/1/1966,3.0292,6.3735
1/1/1967,3.0325,6.4111
2/1/1967,3.0364,6.445
3/1/1967,3.0364,6.4653
4/1/1967,3.0335,6.4793
5/1/1967,3.0306,6.4941
6/1/1967,3.0277,6.4784
7/1/1967,3.0267,6.4926
8/1/1967,3.0263,6.5054
9/1/1967,3.0253,6.5163
10/1/1967,3.0224,6.5117
11/1/1967,3.0194,6.4769
12/1/1967,3.0165,6.502
1/1/1968,3.0141,6.4934
2/1/1968,3.0146,6.4443
3/1/1968,3.015,6.4229
4/1/1968,3.0165,6.4913
5/1/1968,3.0185,6.5111
6/1/1968,3.017,6.5318
7/1/1968,3.0155,6.5241
8/1/1968,3.017,6.4992
9/1/1968,3.019,6.5283
10/1/1968,3.0175,6.547
11/1/1968,3.019,6.5595
12/1/1968,3.0204,6.567
1/1/1969,3.0209,6.521
2/1/1969,3.0185,6.5105
3/1/1969,3.0136,6.4803
4/1/1969,3.0111,6.4947
5/1/1969,3.0116,6.524
6/1/1969,3.0096,6.4649
7/1/1969,3.0062,6.4137
8/1/1969,3.0027,6.4027
9/1/1969,3.0022,6.4035
10/1/1969,2.9977,6.4088
11/1/1969,2.9937,6.4106
12/1/1969,2.9892,6.3508
1/1/1970,2.9877,6.3394
2/1/1970,2.9837,6.2986
3/1/1970,2.9791,6.3103
4/1/1970,2.9725,6.2715
5/1/1970,2.9709,6.1467
6/1/1970,2.9668,6.1353
7/1/1970,2.9627,6.1319
8/1/1970,2.9637,6.1605
9/1/1970,2.9596,6.2135
10/1/1970,2.9497,6.2299
11/1/1970,2.9392,6.2237
12/1/1970,2.9285,6.2849
1/1/1971,2.9258,6.3224
2/1/1971,2.9199,6.3579
3/1/1971,2.914,6.3807
4/1/1971,2.9107,6.4118
5/1/1971,2.9047,6.3931
6/1/1971,2.8959,6.367
7/1/1971,2.8926,6.3573
8/1/1971,2.8893,6.3369
9/1/1971,2.8881,6.3589
10/1/1971,2.8831,6.335
11/1/1971,2.8809,6.2875
12/1/1971,2.8741,6.3492
1/1/1972,2.8741,6.3901
2/1/1972,2.869,6.4034
3/1/1972,2.8668,6.4245
4/1/1972,2.8645,6.4322
5/1/1972,2.8622,6.4197
6/1/1972,2.8593,6.42
7/1/1972,2.8559,6.4078
8/1/1972,2.8547,6.4403
9/1/1972,2.853,6.4234
10/1/1972,2.8559,6.4205
11/1/1972,2.8611,6.4671
12/1/1972,2.8662,6.4854
1/1/1973,2.8662,6.4906
2/1/1973,2.8611,6.4475
3/1/1973,2.8542,6.4223
4/1/1973,2.8524,6.3966
5/1/1973,2.8507,6.3612
6/1/1973,2.849,6.3318
7/1/1973,2.8519,6.339
8/1/1973,2.8391,6.302
9/1/1973,2.842,6.317
10/1/1973,2.8443,6.3472
11/1/1973,2.849,6.2669
12/1/1973,2.8536,6.187
1/1/1974,2.8507,6.1923
2/1/1974,2.8437,6.1515
3/1/1974,2.8367,6.1806
4/1/1974,2.8385,6.124
5/1/1974,2.832,6.0809
6/1/1974,2.8291,6.0741
7/1/1974,2.8297,5.9418
8/1/1974,2.8261,5.8875
9/1/1974,2.8226,5.7657
10/1/1974,2.8136,5.7751
11/1/1974,2.807,5.7999
12/1/1974,2.8003,5.7248
1/1/1975,2.8028,5.7997
2/1/1975,2.8015,5.8909
3/1/1975,2.804,5.932
4/1/1975,2.804,5.9394
5/1/1975,2.8015,5.9953
6/1/1975,2.7979,6.013
7/1/1975,2.7869,6.0028
8/1/1975,2.785,5.9249
9/1/1975,2.7794,5.9072
10/1/1975,2.7713,5.9467
11/1/1975,2.7613,5.9562
12/1/1975,2.7549,5.9373
1/1/1976,2.7543,6.0235
2/1/1976,2.7511,6.0578
3/1/1976,2.7505,6.061
4/1/1976,2.753,6.0653
5/1/1976,2.7524,6.0513
6/1/1976,2.753,6.0519
7/1/1976,2.7562,6.0699
8/1/1976,2.7587,6.056
9/1/1976,2.7632,6.0736
10/1/1976,2.7751,6.0337
11/1/1976,2.7899,6.0251
12/1/1976,2.8034,6.0556
1/1/1977,2.8094,6.0418
2/1/1977,2.8106,6.0043
3/1/1977,2.8154,5.9936
4/1/1977,2.8202,5.9697
5/1/1977,2.8285,5.9618
6/1/1977,2.835,5.9605
7/1/1977,2.8408,5.9647
8/1/1977,2.8478,5.9367
9/1/1977,2.8553,5.9177
10/1/1977,2.8645,5.8883
11/1/1977,2.8719,5.8892
12/1/1977,2.8809,5.8811
1/1/1978,2.8837,5.8358
2/1/1978,2.8865,5.8153
3/1/1978,2.8876,5.8056
4/1/1978,2.8876,5.8406
5/1/1978,2.8854,5.8807
6/1/1978,2.882,5.8725
7/1/1978,2.882,5.86
8/1/1978,2.8848,5.9222
9/1/1978,2.8848,5.9146
10/1/1978,2.8792,5.8734
11/1/1978,2.8781,5.8086
12/1/1978,2.8769,5.8188
1/1/1979,2.8764,5.8468
2/1/1979,2.873,5.8202
3/1/1979,2.8713,5.8289
4/1/1979,2.869,5.8374
5/1/1979,2.8651,5.8012
6/1/1979,2.8628,5.8096
7/1/1979,2.8622,5.8084
8/1/1979,2.8633,5.8436
9/1/1979,2.8628,5.844
10/1/1979,2.8633,5.7975
11/1/1979,2.8622,5.7805
12/1/1979,2.8599,5.8088
1/1/1980,2.8547,5.8229
2/1/1980,2.8495,5.8478
3/1/1980,2.8432,5.7362
4/1/1980,2.8397,5.7087
5/1/1980,2.8379,5.7435
6/1/1980,2.835,5.7947
7/1/1980,2.842,5.839
8/1/1980,2.842,5.8622
9/1/1980,2.8408,5.8778
10/1/1980,2.8362,5.8972
11/1/1980,2.8332,5.9304
12/1/1980,2.8285,5.9047
1/1/1981,2.8273,5.8929
2/1/1981,2.8232,5.8474
3/1/1981,2.8226,5.8773
4/1/1981,2.822,5.8795
5/1/1981,2.8196,5.8514
6/1/1981,2.8166,5.847
7/1/1981,2.8124,5.8116
8/1/1981,2.8118,5.8078
9/1/1981,2.8088,5.7069
10/1/1981,2.8118,5.7174
11/1/1981,2.8142,5.7397
12/1/1981,2.8166,5.7438
1/1/1982,2.8178,5.6867
2/1/1982,2.8196,5.6593
3/1/1982,2.8249,5.6275
4/1/1982,2.8249,5.6718
5/1/1982,2.8202,5.6632
6/1/1982,2.8118,5.5915
7/1/1982,2.8088,5.5836
8/1/1982,2.8088,5.5842
9/1/1982,2.8088,5.6918
10/1/1982,2.8064,5.7695
11/1/1982,2.8094,5.8114
12/1/1982,2.8148,5.8249
1/1/1983,2.8148,5.8574
2/1/1983,2.8154,5.8736
3/1/1983,2.8172,5.9077
4/1/1983,2.8118,5.938
5/1/1983,2.807,5.9717
6/1/1983,2.8058,5.9827
7/1/1983,2.8046,5.9822
8/1/1983,2.8046,5.9513
9/1/1983,2.8021,5.9755
10/1/1983,2.8034,5.9755
11/1/1983,2.8058,5.9585
12/1/1983,2.8088,5.9526
1/1/1984,2.8076,5.9588
2/1/1984,2.8064,5.8977
3/1/1984,2.8088,5.8964
4/1/1984,2.81,5.8928
5/1/1984,2.813,5.8835
6/1/1984,2.816,5.858
7/1/1984,2.8154,5.841
8/1/1984,2.8148,5.9215
9/1/1984,2.813,5.9271
10/1/1984,2.8172,5.9163
11/1/1984,2.8238,5.9254
12/1/1984,2.8303,5.9145
1/1/1985,2.8344,5.9549
2/1/1985,2.8356,6.0029
3/1/1985,2.8373,5.9908
4/1/1985,2.8362,5.9928
5/1/1985,2.8356,6.0126
6/1/1985,2.8362,6.0312
7/1/1985,2.8391,6.0482
8/1/1985,2.8414,6.0243
9/1/1985,2.8426,5.999
10/1/1985,2.8414,6.0066
11/1/1985,2.8414,6.0628
12/1/1985,2.8414,6.1085
1/1/1986,2.8437,6.1101
2/1/1986,2.8513,6.1652
3/1/1986,2.8611,6.2269
4/1/1986,2.8662,6.253
5/1/1986,2.8668,6.2524
6/1/1986,2.8645,6.275
7/1/1986,2.8696,6.254
8/1/1986,2.873,6.2719
9/1/1986,2.8741,6.2397
10/1/1986,2.8753,6.235
11/1/1986,2.8764,6.266
12/1/1986,2.8775,6.2793
1/1/1987,2.8736,6.3349
2/1/1987,2.8724,6.3915
3/1/1987,2.8702,6.4275
4/1/1987,2.8719,6.4112
5/1/1987,2.8753,6.4069
6/1/1987,2.8792,6.4451
7/1/1987,2.882,6.4709
8/1/1987,2.882,6.526
9/1/1987,2.882,6.4877
10/1/1987,2.8854,6.3564
11/1/1987,2.8904,6.2213
12/1/1987,2.8959,6.2048
1/1/1988,2.8987,6.2409
2/1/1988,2.9014,6.2682
3/1/1988,2.902,6.2929
4/1/1988,2.9074,6.276
5/1/1988,2.9145,6.2475
6/1/1988,2.9199,6.2987
7/1/1988,2.9242,6.2886
8/1/1988,2.928,6.2641
9/1/1988,2.9296,6.2736
10/1/1988,2.936,6.3047
11/1/1988,2.9444,6.2805
12/1/1988,2.9518,6.299
1/1/1989,2.9554,6.3257
2/1/1989,2.9601,6.3513
3/1/1989,2.9627,6.3411
4/1/1989,2.9668,6.3668
5/1/1989,2.9714,6.3988
6/1/1989,2.9796,6.4272
7/1/1989,2.9892,6.4497
8/1/1989,2.9992,6.4915
9/1/1989,3.0077,6.4903
10/1/1989,3.0146,6.4858
11/1/1989,3.0238,6.4625
12/1/1989,3.034,6.4853
1/1/1990,3.0316,6.4499
2/1/1990,3.035,6.4168
3/1/1990,3.0374,6.4353
4/1/1990,3.0464,6.433
5/1/1990,3.054,6.4657
6/1/1990,3.0587,6.4888
7/1/1990,3.0596,6.484
8/1/1990,3.0554,6.39
9/1/1990,3.0516,6.3342
10/1/1990,3.0531,6.3016
11/1/1990,3.0582,6.3256
12/1/1990,3.0653,6.3674
1/1/1991,3.0596,6.3514
2/1/1991,3.0587,6.457
3/1/1991,3.0578,6.4828
4/1/1991,3.0573,6.501
5/1/1991,3.0554,6.4936
6/1/1991,3.0531,6.4914
7/1/1991,3.0554,6.4951
8/1/1991,3.0559,6.516
9/1/1991,3.0549,6.5059
10/1/1991,3.0512,6.5036
11/1/1991,3.0464,6.4983
12/1/1991,3.0431,6.5042
1/1/1992,3.045,6.5713
2/1/1992,3.045,6.5592
3/1/1992,3.0431,6.5415
4/1/1992,3.0417,6.5402
5/1/1992,3.0402,6.5567
6/1/1992,3.0364,6.5373
7/1/1992,3.0364,6.5516
8/1/1992,3.0354,6.5557
9/1/1992,3.0345,6.5542
10/1/1992,3.0306,6.5362
11/1/1992,3.0292,6.5596
12/1/1992,3.0292,6.5901
1/1/1993,3.0272,6.5843
2/1/1993,3.0263,6.5955
3/1/1993,3.0253,6.611
4/1/1993,3.0238,6.5924
5/1/1993,3.0233,6.5958
6/1/1993,3.0233,6.6008
7/1/1993,3.0233,6.599
8/1/1993,3.0204,6.6114
9/1/1993,3.0185,6.6206
10/1/1993,3.016,6.6265
11/1/1993,3.0165,6.6237
12/1/1993,3.0185,6.6303
1/1/1994,3.019,6.6425
2/1/1994,3.019,6.6361
3/1/1994,3.019,6.6161
4/1/1994,3.0209,6.5783
5/1/1994,3.0238,6.5858
6/1/1994,3.0238,6.5911
7/1/1994,3.0233,6.5809
8/1/1994,3.0219,6.6049
9/1/1994,3.0214,6.608
10/1/1994,3.0272,6.6006
11/1/1994,3.0321,6.5932
12/1/1994,3.0383,6.5805
1/1/1995,3.0345,6.5984
2/1/1995,3.0306,6.6296
3/1/1995,3.0272,6.6493
4/1/1995,3.0287,6.6755
5/1/1995,3.0316,6.7044
6/1/1995,3.0345,6.7316
7/1/1995,3.0393,6.7645
8/1/1995,3.0421,6.765
9/1/1995,3.0455,6.7976
10/1/1995,3.0474,6.8015
11/1/1995,3.0531,6.8235
12/1/1995,3.0587,6.8556
1/1/1996,3.0601,6.8496
2/1/1996,3.0643,6.9019
3/1/1996,3.0667,6.8929
4/1/1996,3.0667,6.8893
5/1/1996,3.069,6.9088
6/1/1996,3.0722,6.9191
7/1/1996,3.0796,6.88
8/1/1996,3.0865,6.9066
9/1/1996,3.0924,6.9216
10/1/1996,3.0947,6.9571
11/1/1996,3.0978,7.0028
12/1/1996,3.1032,7.0131
1/1/1997,3.1037,7.0404
2/1/1997,3.1041,7.0783
3/1/1997,3.1055,7.068
4/1/1997,3.1064,7.0305
5/1/1997,3.1091,7.1178
6/1/1997,3.11,7.1671
7/1/1997,3.1126,7.2202
8/1/1997,3.1144,7.2205
9/1/1997,3.1157,7.2285
10/1/1997,3.1166,7.241
11/1/1997,3.121,7.2286
12/1/1997,3.1259,7.2546
1/1/1998,3.1272,7.2537
2/1/1998,3.1285,7.3127
3/1/1998,3.1303,7.3614
4/1/1998,3.1346,7.3918
5/1/1998,3.139,7.3866
6/1/1998,3.1442,7.3853
7/1/1998,3.1472,7.4267
8/1/1998,3.1502,7.3519
9/1/1998,3.1527,7.2992
10/1/1998,3.1515,7.3083
11/1/1998,3.1527,7.4112
12/1/1998,3.154,7.4509
1/1/1999,3.157,7.4966
2/1/1999,3.1608,7.4937
3/1/1999,3.1629,7.5184
4/1/1999,3.1506,7.5517
5/1/1999,3.1459,7.5497
6/1/1999,3.1407,7.5425
7/1/1999,3.1429,7.5828
8/1/1999,3.1459,7.5409
9/1/1999,3.1459,7.5291
10/1/1999,3.1446,7.5134
11/1/1999,3.1446,7.5804
12/1/1999,3.145,7.6072
1/1/2000,3.1476,7.602
2/1/2000,3.1472,7.57
3/1/2000,3.1446,7.5995
4/1/2000,3.1429,7.6121
5/1/2000,3.1403,7.5812
6/1/2000,3.1342,7.6061
7/1/2000,3.1246,7.6113
8/1/2000,3.1171,7.6198
9/1/2000,3.1046,7.6028
10/1/2000,3.1014,7.5465
11/1/2000,3.0996,7.5372
12/1/2000,3.0987,7.503
1/1/2001,3.086,7.5002
2/1/2001,3.0759,7.4736
3/1/2001,3.0676,7.375
4/1/2001,3.0578,7.3744
5/1/2001,3.0474,7.4354
6/1/2001,3.0397,7.4085
7/1/2001,3.0436,7.3832
8/1/2001,3.0445,7.3614
9/1/2001,3.0412,7.2364
10/1/2001,3.0445,7.2699
11/1/2001,3.0464,7.3197
12/1/2001,3.0502,7.3371
1/1/2002,3.0479,7.3307
2/1/2002,3.0436,7.2914
3/1/2002,3.0378,7.333
4/1/2002,3.0383,7.2904
5/1/2002,3.045,7.2606
6/1/2002,3.0507,7.1977
7/1/2002,3.0445,7.0813
8/1/2002,3.0359,7.0878
9/1/2002,3.0292,7.0359
10/1/2002,3.0335,7.0189
11/1/2002,3.0393,7.0816
12/1/2002,3.0474,7.072
1/1/2003,3.0459,7.0638
2/1/2003,3.0417,6.9882
3/1/2003,3.0388,6.9937
4/1/2003,3.0397,7.0458
5/1/2003,3.0402,7.0978
6/1/2003,3.0383,7.1508
7/1/2003,3.0459,7.1543
8/1/2003,3.0507,7.1475
9/1/2003,3.0559,7.174
10/1/2003,3.0727,7.1938
11/1/2003,3.091,7.2072
12/1/2003,3.1077,7.2372
1/1/2004,3.1148,7.2792
2/1/2004,3.1215,7.2833
3/1/2004,3.1268,7.2598
4/1/2004,3.1342,7.2649
5/1/2004,3.139,7.2317
6/1/2004,3.1463,7.2554
7/1/2004,3.1579,7.2329
8/1/2004,3.1672,7.217
9/1/2004,3.1747,7.2409
10/1/2004,3.1743,7.2353
11/1/2004,3.1785,7.28
12/1/2004,3.1872,7.3092
1/1/2005,3.1987,7.2922
2/1/2005,3.206,7.3017
3/1/2005,3.2112,7.29
4/1/2005,3.2161,7.2575
5/1/2005,3.2284,7.2703
6/1/2005,3.2391,7.2899
7/1/2005,3.2434,7.3018
8/1/2005,3.2469,7.2984
9/1/2005,3.2434,7.2876
10/1/2005,3.2527,7.2575
11/1/2005,3.2718,7.3029
12/1/2005,3.2873,7.3267
1/1/2006,3.288,7.3323
2/1/2006,3.2947,7.3286
3/1/2006,3.2973,7.3364
4/1/2006,3.2984,7.3344
5/1/2006,3.3028,7.3201
6/1/2006,3.3102,7.2891
7/1/2006,3.3164,7.2918
8/1/2006,3.324,7.311
9/1/2006,3.3379,7.3394
10/1/2006,3.3541,7.3789
11/1/2006,3.3663,7.3987
12/1/2006,3.3752,7.417
1/1/2007,3.3803,7.4194
2/1/2007,3.383,7.4285
3/1/2007,3.382,7.3929
4/1/2007,3.3844,7.4259
5/1/2007,3.3871,7.4517
6/1/2007,3.3938,7.4518
7/1/2007,3.4042,7.4564
8/1/2007,3.4161,7.4138
9/1/2007,3.4233,7.4398
10/1/2007,3.4304,7.4657
11/1/2007,3.4337,7.409
12/1/2007,3.4436,7.4204
1/1/2008,3.4455,7.3451
2/1/2008,3.4494,7.3247
3/1/2008,3.4474,7.2877
4/1/2008,3.4462,7.3215
5/1/2008,3.4427,7.3367
6/1/2008,3.4375,7.2816
7/1/2008,3.4337,7.2117
8/1/2008,3.4395,7.2347
9/1/2008,3.4423,7.1844
10/1/2008,3.4471,6.9666
11/1/2008,3.4614,6.8932
12/1/2008,3.4664,6.8974
1/1/2009,3.4484,6.8793
2/1/2009,3.4298,6.8021
3/1/2009,3.4135,6.738
4/1/2009,3.3905,6.8491
5/1/2009,3.3666,6.9082
6/1/2009,3.3368,6.9256
7/1/2009,3.316,6.9376
8/1/2009,3.291,7.0113
9/1/2009,3.2673,7.0446
10/1/2009,3.2453,7.0655
11/1/2009,3.2229,7.0838
12/1/2009,3.2027,7.1058
1/1/2010,3.1921,7.1142
2/1/2010,3.1843,7.0829
3/1/2010,3.1726,7.1349
4/1/2010,3.1726,7.1717
5/1/2010,3.1739,7.1087
6/1/2010,3.1768,7.0719
7/1/2010,3.1814,7.0684
8/1/2010,3.1851,7.0739
9/1/2010,3.1892,7.1049
10/1/2010,3.1934,7.1468
11/1/2010,3.1987,7.1694
12/1/2010,3.2023,7.2026
1/1/2011,3.2076,7.2304
2/1/2011,3.2129,7.2551
3/1/2011,3.2133,7.2327
4/1/2011,3.2197,7.2468
5/1/2011,3.2276,7.2472
6/1/2011,3.2414,7.2094
7/1/2011,3.2519,7.2375
8/1/2011,3.2604,7.1232
9/1/2011,3.2699,7.112
10/1/2011,3.2884,7.1421
11/1/2011,3.3054,7.1587
12/1/2011,3.324,7.1749
1/1/2012,3.3311,7.2155
2/1/2012,3.3379,7.2503
3/1/2012,3.3418,7.2695
4/1/2012,3.3506,7.2645
5/1/2012,3.3631,7.2325
6/1/2012,3.3762,7.2206
7/1/2012,3.3925,7.2493
8/1/2012,3.4019,7.2754
9/1/2012,3.4118,7.299
10/1/2012,3.4304,7.2955
11/1/2012,3.4535,7.2697
12/1/2012,3.4741,7.2921
1/1/2013,3.4803,7.3292
2/1/2013,3.4812,7.3424
3/1/2013,3.4874,7.3649
4/1/2013,3.5004,7.3787
5/1/2013,3.5106,7.42
6/1/2013,3.5199,7.4046
7/1/2013,3.5308,7.4346
8/1/2013,3.5407,7.4343
9/1/2013,3.5505,7.4433
10/1/2013,3.5588,7.4651
11/1/2013,3.5664,7.5034
12/1/2013,3.5723,7.517
1/1/2014,3.5802,7.5213
2/1/2014,3.5882,7.5147
3/1/2014,3.5932,7.5336
4/1/2014,3.6006,7.5307
5/1/2014,3.6074,7.5408
6/1/2014,3.6158,7.5688
7/1/2014,3.6262,7.5825
8/1/2014,3.6376,7.5782
9/1/2014,3.6465,7.5935
10/1/2014,3.6571,7.5676
11/1/2014,3.6707,7.6269
12/1/2014,3.6844,7.6373
1/1/2015,3.7006,7.6292
2/1/2015,3.7077,7.6512
3/1/2015,3.7131,7.6442
4/1/2015,3.7184,7.6493
5/1/2015,3.7209,7.6523
6/1/2015,3.725,7.6428
7/1/2015,3.731,7.6403
8/1/2015,3.7386,7.6155
9/1/2015,3.7462,7.5691
