"id","schid","aide","black","boy","freelunch","mathscore","readscore","regular","schrural","schurban","small","tchexper","tchid","tchmasters","tchwhite"
19461,244831,0,0,1,0,459,419,1,0,0,0,18,24483102,0,0
17296,162184,1,0,1,1,528,431,0,1,0,0,5,16218402,1,1
15803,203457,0,0,0,1,454,433,0,1,0,1,15,20345703,0,1
14399,216536,0,0,1,0,439,413,0,1,0,1,8,21653603,1,1
12687,205491,0,0,1,0,463,403,0,0,0,1,15,20549102,0,1
14328,244774,0,1,0,1,489,514,0,0,1,1,6,24477402,0,0
13267,244755,0,1,0,1,478,431,1,0,1,0,24,24475505,0,0
13284,244727,1,1,0,0,439,430,0,0,0,0,12,24472703,0,0
18174,244755,1,1,0,1,484,414,0,0,1,0,7,24475502,0,1
13671,205492,0,1,0,1,478,430,1,0,0,0,24,20549203,1,1
16749,244736,0,1,1,1,602,463,0,0,1,1,6,24473603,0,1
14546,244780,0,1,1,1,528,422,1,0,1,0,10,24478002,0,0
15721,166203,0,0,1,0,547,463,0,0,1,1,1,16620304,0,1
14089,244708,0,1,1,1,405,382,1,0,1,0,3,24470804,0,0
21153,161183,1,0,1,1,439,395,0,1,0,0,10,16118302,1,1
14485,244818,0,1,0,1,434,400,1,0,1,0,9,24481804,0,0
16560,244801,0,1,1,1,444,403,1,0,0,0,0,24480101,0,1
10326,205491,1,0,0,0,459,413,0,0,0,0,17,20549104,0,1
15931,221571,0,1,1,1,429,424,1,1,0,0,13,22157103,1,1
10311,253888,1,0,1,0,392,403,0,1,0,0,13,25388801,0,1
10289,262937,1,0,1,0,626,545,0,0,0,0,16,26293701,0,1
15189,159171,1,1,1,1,500,418,0,1,0,0,10,15917101,0,1
16790,252885,0,0,0,0,478,433,1,1,0,0,5,25288503,0,1
17559,221571,0,0,1,0,418,402,1,1,0,0,13,22157103,1,1
21002,262937,0,0,1,0,489,461,0,0,0,1,18,26293703,1,1
19514,165199,1,0,0,0,463,422,0,0,1,0,12,16519903,1,1
17352,169231,0,1,0,1,365,391,0,0,1,1,9,16923102,0,1
12281,261927,1,0,1,0,478,439,0,1,0,0,11,26192701,1,1
14664,189396,0,0,1,1,468,405,1,1,0,0,4,18939602,0,1
12072,168211,1,0,0,1,494,408,0,1,0,0,14,16821105,0,1
16876,264945,0,0,0,0,528,451,0,0,0,1,5,26494504,0,1
15375,234628,0,0,1,0,489,419,1,1,0,0,8,23462805,0,1
19465,264945,0,0,1,0,576,485,0,0,0,1,5,26494504,0,1
12836,216536,0,0,1,0,513,425,0,1,0,1,22,21653604,0,1
15023,244818,0,1,0,0,484,436,1,0,1,0,9,24481804,0,0
21358,216536,0,0,0,0,500,436,1,1,0,0,1,21653605,0,1
21268,176329,0,0,0,1,513,474,1,1,0,0,2,17632901,0,1
14219,244697,1,1,0,1,418,414,0,0,1,0,22,24469704,1,1
16503,264945,1,0,1,0,506,456,0,0,0,0,17,26494501,0,1
15873,205491,0,0,1,0,528,480,0,0,0,1,0,20549101,0,1
15330,112038,1,0,1,1,468,405,0,0,1,0,17,11203803,0,1
13366,191411,0,0,0,0,494,476,0,1,0,1,8,19141101,1,1
15912,180344,0,1,1,1,418,414,0,0,1,1,1,18034405,0,1
11206,203452,0,0,1,0,602,460,1,1,0,0,20,20345205,0,1
11144,218562,1,0,1,1,468,436,0,0,1,0,8,21856202,1,1
13622,261927,0,0,1,0,576,627,0,1,0,1,3,26192703,0,1
11798,166203,0,1,1,1,429,425,0,0,1,1,11,16620301,0,1
13684,244774,0,1,1,1,444,382,1,0,1,0,6,24477405,0,0
15802,234628,1,0,0,0,547,497,0,1,0,0,9,23462803,1,1
12704,208501,0,0,1,0,500,447,1,1,0,0,13,20850101,0,1
14277,244745,1,1,1,1,494,402,0,0,0,0,15,24474504,1,0
13413,244697,1,1,0,1,500,476,0,0,1,0,5,24469703,1,1
15433,173312,0,0,0,0,528,487,0,1,0,1,11,17331201,0,1
16213,203452,0,0,0,1,459,442,0,1,0,1,19,20345203,0,1
11058,244745,0,0,1,1,536,453,1,0,0,0,1,24474503,0,0
13429,161183,1,0,1,1,444,405,0,1,0,0,10,16118302,1,1
15654,252885,0,0,0,0,484,425,1,1,0,0,5,25288503,0,1
13867,168211,0,0,0,1,459,422,0,1,0,1,15,16821103,1,1
14737,259915,0,0,1,0,528,445,1,1,0,0,5,25991503,1,1
18616,257905,0,0,1,0,489,467,0,0,1,1,7,25790501,1,1
12588,262937,0,0,1,0,602,514,1,0,0,0,15,26293702,1,1
17784,244831,0,1,1,1,412,391,0,0,0,1,12,24483101,0,0
16241,205492,0,1,1,1,536,411,1,0,0,0,24,20549203,1,1
13975,201449,0,0,1,0,536,485,1,1,0,0,10,20144905,0,1
16771,244799,1,1,0,1,423,408,0,0,0,0,10,24479901,1,1
21119,176329,1,0,1,1,459,431,0,1,0,0,21,17632904,1,1
14598,230612,1,0,0,0,559,448,0,1,0,0,6,23061201,0,1
15230,162184,0,0,0,0,459,416,1,1,0,0,4,16218401,0,1
16481,165199,1,0,0,1,454,403,0,0,1,0,12,16519903,1,1
15172,215533,1,0,0,0,559,455,0,1,0,0,9,21553304,0,1
12558,166203,1,0,1,0,468,413,0,0,1,0,5,16620303,0,1
16068,128076,1,0,1,0,513,428,0,0,0,0,7,12807603,0,1
17474,244755,0,1,0,1,500,424,1,0,1,0,1,24475504,0,0
14663,234628,0,0,1,0,547,443,1,1,0,0,8,23462805,0,1
14990,244728,0,1,1,1,429,393,0,0,1,1,1,24472801,0,1
10290,169219,0,1,1,0,454,408,1,0,0,0,12,16921902,1,1
14327,244697,0,1,1,1,399,411,1,0,1,0,6,24469701,1,1
13592,208503,1,0,0,1,439,425,0,1,0,0,3,20850303,1,1
11956,169280,1,0,0,0,484,440,0,0,0,0,7,16928003,0,1
13668,244746,0,1,0,1,506,451,0,0,1,1,5,24474603,0,1
12872,252885,1,0,0,0,528,465,0,1,0,0,9,25288504,0,1
12745,221571,0,0,0,0,468,408,1,1,0,0,13,22157103,1,1
13380,244799,1,1,1,0,500,421,0,0,0,0,10,24479901,1,1
15699,130085,0,0,0,1,449,428,0,0,0,1,7,13008502,1,1
12970,244708,0,1,1,1,468,431,1,0,1,0,2,24470803,0,1
17394,169280,0,0,1,0,484,439,1,0,0,0,13,16928002,1,1
18300,166203,1,0,1,1,468,413,0,0,1,0,5,16620303,0,1
15071,191411,0,0,0,0,473,447,1,1,0,0,13,19141103,1,1
13272,205490,0,1,0,1,405,395,0,0,1,1,3,20549001,0,1
16697,225585,0,0,1,0,459,424,0,1,0,1,15,22558502,0,1
16185,168211,1,0,0,1,418,413,0,1,0,0,14,16821105,0,1
11394,244774,0,1,1,1,478,414,0,0,1,1,6,24477402,0,0
17125,216536,0,0,1,0,520,437,0,1,0,1,22,21653604,0,1
14206,209510,1,0,1,1,429,400,0,1,0,0,3,20951002,0,1
13067,228606,1,1,1,1,489,437,0,1,0,0,8,22860601,1,1
19501,244708,0,1,0,1,449,395,1,0,1,0,3,24470804,0,0
15006,169229,0,0,1,1,500,424,1,0,0,0,13,16922903,1,1
13809,244831,1,1,1,1,489,428,0,0,0,0,2,24483103,0,1
13639,161183,1,0,1,0,434,422,0,1,0,0,10,16118304,1,1
16492,123056,0,0,1,0,468,422,0,1,0,1,6,12305602,1,1
12465,221571,0,0,0,0,559,483,0,1,0,1,21,22157104,0,1
16979,208501,1,0,1,1,468,419,0,1,0,0,12,20850102,1,1
14606,244799,0,1,1,1,444,414,1,0,0,0,6,24479904,0,1
16382,244806,0,1,1,1,429,410,1,0,1,0,0,24480603,0,0
14434,257905,0,0,1,0,536,465,1,0,1,0,8,25790506,0,1
14115,244806,1,1,1,1,459,465,0,0,1,0,20,24480602,0,0
13918,244818,0,1,0,0,434,400,0,0,1,1,10,24481802,1,0
17250,193423,0,0,1,0,536,448,0,1,0,1,12,19342302,0,1
13839,161176,0,0,1,0,463,413,0,1,0,1,6,16117604,0,1
12998,244839,0,1,0,1,513,422,1,0,0,0,1,24483901,0,1
15658,216536,0,0,0,0,513,445,1,1,0,0,2,21653601,0,1
16874,169229,1,0,1,0,513,442,0,0,0,0,5,16922904,0,0
16716,261927,0,0,1,0,459,391,1,1,0,0,13,26192702,1,1
12352,205489,1,0,0,0,454,439,0,0,0,0,3,20548903,0,1
20110,169219,0,0,0,0,576,510,0,0,0,1,14,16921901,0,1
12066,168214,1,0,0,0,520,443,0,1,0,0,6,16821402,1,1
15360,164198,0,0,1,1,506,463,0,1,0,1,12,16419802,1,1
18191,262937,1,0,1,0,468,439,0,0,0,0,16,26293701,0,1
12191,252885,1,0,1,1,444,403,0,1,0,0,9,25288504,0,1
12179,165199,0,0,1,0,559,514,0,0,1,1,12,16519901,1,1
12141,205489,0,0,0,0,459,448,1,0,0,0,14,20548902,0,1
13505,208501,0,0,0,0,547,458,1,1,0,0,13,20850101,0,1
17067,164198,0,0,1,1,449,425,1,1,0,0,4,16419803,1,1
15157,259915,0,0,0,1,449,407,1,1,0,0,5,25991503,1,1
16518,169219,1,0,1,0,520,476,0,0,0,0,18,16921903,0,1
18295,203452,0,0,0,0,520,460,1,1,0,0,20,20345205,0,1
15280,244776,0,1,0,1,439,448,1,0,1,0,7,24477607,1,1
15548,193423,0,0,0,0,626,460,0,1,0,1,12,19342302,0,1
16500,169280,1,0,1,0,576,580,0,0,0,0,7,16928003,0,1
14108,203452,0,0,1,0,506,472,0,1,0,1,19,20345203,0,1
16638,212522,0,0,0,1,506,472,0,0,1,1,21,21252203,0,1
20145,244799,0,1,0,0,536,434,0,0,0,1,5,24479903,0,0
16212,162184,0,0,0,1,484,403,1,1,0,0,4,16218401,0,1
14376,252885,0,0,1,0,459,439,1,1,0,0,10,25288502,1,1
18320,170295,0,0,0,1,454,428,0,1,0,1,2,17029503,0,1
20122,161183,1,0,1,0,559,495,0,1,0,0,10,16118304,1,1
18217,261927,1,0,0,0,528,447,0,1,0,0,11,26192701,1,1
20117,221574,0,0,1,0,454,425,1,1,0,0,2,22157404,0,1
12409,159171,0,0,1,0,576,470,0,1,0,1,6,15917104,0,1
14785,221574,0,0,0,0,489,445,0,1,0,1,8,22157403,1,1
16595,201449,0,0,1,1,473,421,1,1,0,0,10,20144905,0,1
18909,166203,1,0,1,1,429,419,0,0,1,0,5,16620303,0,1
14778,193423,0,0,0,1,513,425,0,1,0,1,6,19342301,0,1
17006,215533,1,0,0,1,536,461,0,1,0,0,3,21553301,0,1
14127,208501,0,0,0,0,576,532,1,1,0,0,13,20850101,0,1
17515,244708,1,1,0,1,412,398,0,0,1,0,2,24470805,0,1
12861,257905,0,0,0,0,489,478,0,0,1,1,7,25790501,1,1
16584,189382,1,0,0,0,506,450,0,0,0,0,14,18938203,1,1
15412,216536,0,0,0,0,478,445,1,1,0,0,1,21653605,0,1
12864,257905,0,0,0,0,468,470,0,0,1,1,14,25790502,0,1
16490,123056,1,0,1,0,494,436,0,1,0,0,4,12305601,0,1
10302,234628,1,0,0,1,576,460,0,1,0,0,9,23462803,1,1
16170,180344,0,1,0,1,444,427,1,0,1,0,5,18034401,0,1
19504,244806,0,1,1,1,536,483,1,0,1,0,12,24480604,0,0
14064,244806,0,1,0,0,459,433,1,0,1,0,0,24480603,0,0
13511,221571,0,0,0,0,500,451,1,1,0,0,3,22157101,0,0
18716,221571,0,0,1,0,423,393,1,1,0,0,13,22157103,1,1
12515,253888,0,0,0,1,547,474,0,1,0,1,5,25388803,0,1
10282,189382,1,0,1,1,449,448,0,0,0,0,14,18938203,1,1
13832,244818,0,0,0,0,454,391,1,0,1,0,9,24481804,0,0
21115,176329,0,0,1,1,489,448,0,1,0,1,4,17632903,0,1
20265,205489,1,0,0,0,439,393,0,0,0,0,3,20548903,0,1
12217,128076,1,0,1,0,454,393,0,0,0,0,7,12807603,0,1
21486,191411,1,0,1,1,506,467,0,1,0,0,8,19141102,1,1
16262,193423,1,0,0,1,513,431,0,1,0,0,12,19342303,1,1
11704,221571,0,0,1,0,412,402,0,1,0,1,3,22157102,0,1
17409,244806,0,1,0,1,536,458,1,0,1,0,0,24480603,0,0
15964,168211,0,0,1,1,439,436,0,1,0,1,8,16821104,0,1
21507,128079,1,0,0,0,412,411,0,1,0,0,8,12807902,0,1
17298,244796,0,1,1,1,449,402,1,0,1,0,11,24479602,1,0
15914,159171,0,0,1,0,547,510,1,1,0,0,16,15917105,1,1
14276,244745,1,1,1,1,484,414,0,0,0,0,5,24474501,0,0
18671,180344,1,0,1,1,559,448,0,0,1,0,11,18034403,0,1
17163,218562,1,0,0,0,454,424,0,0,1,0,8,21856202,1,1
21113,176329,0,0,0,1,439,407,0,1,0,1,4,17632903,0,1
14412,257905,1,1,1,1,463,453,0,0,1,0,11,25790507,0,1
14093,244774,1,1,1,1,454,398,0,0,1,0,0,24477401,0,1
14667,244799,0,1,1,1,444,421,1,0,0,0,6,24479904,0,1
13830,244831,0,0,0,1,520,430,0,0,0,1,12,24483101,0,0
16251,208503,0,0,1,0,513,427,0,1,0,1,8,20850302,1,1
12822,244818,0,1,0,1,444,414,1,0,1,0,10,24481801,0,0
17114,244799,0,1,1,1,444,436,0,0,0,1,13,24479902,0,1
14638,189396,0,1,1,1,468,393,0,1,0,1,5,18939601,1,1
12583,264945,1,0,1,0,536,433,0,0,0,0,3,26494502,0,1
13613,231616,1,0,0,1,536,456,0,1,0,0,12,23161601,0,1
13185,164198,0,0,1,0,602,500,0,1,0,1,12,16419802,1,1
12665,191411,0,0,0,0,506,478,0,1,0,1,8,19141101,1,1
21135,169231,0,0,0,0,473,430,1,0,1,0,3,16923103,1,0
16505,169280,0,0,0,0,484,453,1,0,0,0,13,16928002,1,1
15364,166203,1,0,0,0,536,440,0,0,1,0,5,16620303,0,1
12145,212522,0,0,0,1,478,424,0,0,1,1,17,21252204,1,1
20118,169219,0,0,1,0,559,443,1,0,0,0,12,16921902,1,1
16014,244839,0,1,0,1,559,463,0,0,0,1,0,24483904,0,1
11388,244727,0,1,0,0,506,421,1,0,0,0,4,24472702,0,1
16810,257905,1,0,1,0,528,465,0,0,1,0,14,25790505,0,1
16410,252885,0,0,1,0,434,414,1,1,0,0,10,25288502,1,1
17787,244736,0,1,1,1,506,439,1,0,1,0,0,24473602,0,1
21357,218562,0,0,0,0,520,434,1,0,1,0,0,21856204,0,1
12099,262937,0,0,1,0,576,467,0,0,0,1,8,26293704,1,1
13864,123056,1,0,1,1,449,407,0,1,0,0,4,12305601,0,1
19831,173312,0,1,0,0,439,478,0,1,0,1,11,17331201,0,1
15154,208501,0,0,1,0,559,424,0,1,0,1,5,20850104,0,1
14730,161183,0,0,0,1,547,433,1,1,0,0,12,16118301,1,1
15666,257905,0,0,1,0,468,447,1,0,1,0,5,25790504,0,1
14460,128076,0,0,0,0,500,442,1,0,0,0,8,12807602,0,1
14274,244697,1,1,1,1,439,428,0,0,1,0,22,24469704,1,1
16616,205491,1,0,1,0,449,416,0,0,0,0,17,20549104,0,1
21145,244801,0,0,1,0,484,430,0,0,0,1,5,24480102,0,1
15567,159171,0,1,0,1,463,414,0,1,0,1,8,15917102,1,1
17870,189396,0,0,1,1,454,416,1,1,0,0,4,18939602,0,1
13454,244755,0,1,1,0,536,450,0,0,1,1,9,24475503,0,0
12455,261927,0,0,0,0,478,422,1,1,0,0,11,26192704,1,1
21408,201449,1,0,1,1,559,472,0,1,0,0,7,20144904,1,1
16090,165199,0,0,1,0,559,450,0,0,1,1,12,16519901,1,1
13534,216536,0,0,1,1,489,447,0,1,0,1,22,21653604,0,1
21572,244746,0,0,0,1,494,442,1,0,1,0,5,24474602,0,1
16442,261927,0,0,1,0,500,436,1,1,0,0,13,26192702,1,1
13452,244746,1,1,1,1,459,445,0,0,1,0,17,24474601,1,1
11634,228606,0,0,1,0,602,503,0,1,0,1,14,22860604,0,1
15217,164198,1,0,0,1,484,436,0,1,0,0,13,16419801,1,1
16070,128068,0,0,0,0,536,451,0,1,0,1,12,12806801,1,1
17057,230612,0,0,1,0,576,453,0,1,0,1,4,23061202,0,1
17174,189378,0,0,0,0,459,390,0,1,0,1,12,18937804,0,1
16870,262937,0,0,0,0,520,443,0,0,0,1,18,26293703,1,1
12501,216536,0,0,0,0,520,455,1,1,0,0,2,21653601,0,1
11439,244708,0,1,1,1,506,442,0,0,1,1,14,24470801,0,1
12234,166203,0,0,0,1,484,418,0,0,1,1,11,16620301,0,1
16829,128076,0,0,0,0,484,431,1,0,0,0,8,12807602,0,1
16201,191411,0,0,0,0,547,436,0,1,0,1,8,19141101,1,1
15308,257899,0,0,1,0,468,428,1,1,0,0,12,25789904,1,1
17591,180344,0,0,1,0,520,436,1,0,1,0,5,18034401,0,1
17762,244755,1,1,0,1,444,434,0,0,1,0,7,24475502,0,1
15363,205492,0,1,1,1,547,436,1,0,0,0,24,20549203,1,1
19503,244755,0,1,1,1,439,408,1,0,1,0,1,24475504,0,0
14872,244755,0,1,0,1,454,419,1,0,1,0,1,24475504,0,0
21144,244801,0,1,1,1,392,391,1,0,0,0,0,24480101,0,1
15027,264945,1,0,1,0,489,436,0,0,0,0,3,26494502,0,1
14539,264945,1,0,0,0,489,437,0,0,0,0,3,26494502,0,1
14425,257899,0,0,0,0,463,428,1,1,0,0,13,25789901,1,1
17454,231616,0,0,0,1,528,428,1,1,0,0,20,23161603,0,1
12953,208501,0,0,1,0,576,503,1,1,0,0,13,20850101,0,1
20135,191411,0,0,0,0,473,443,1,1,0,0,13,19141103,1,1
15498,212522,0,0,1,1,500,461,0,0,1,1,21,21252203,0,1
16089,164198,0,0,0,0,473,403,0,1,0,1,12,16419802,1,1
19795,257899,0,0,1,0,520,447,1,1,0,0,12,25789904,1,1
19479,259915,0,0,0,1,449,407,0,1,0,1,11,25991501,1,1
17494,244755,0,1,1,1,602,518,0,0,1,1,3,24475507,0,0
14472,130085,1,0,0,0,500,419,0,0,0,0,8,13008503,1,1
14333,244806,1,1,1,0,506,461,0,0,1,0,20,24480602,0,0
21560,215533,0,0,0,1,429,403,0,1,0,1,4,21553305,0,1
12519,257905,1,0,0,0,494,460,0,0,1,0,11,25790507,0,1
13134,244728,1,1,1,1,434,455,0,0,1,0,6,24472802,0,0
11160,244755,0,1,1,1,602,458,0,0,1,1,3,24475507,0,0
15522,208501,0,0,0,1,459,393,0,1,0,1,12,20850103,0,1
19462,201449,0,0,1,0,494,467,1,1,0,0,10,20144905,0,1
15069,180344,0,0,1,1,520,460,1,0,1,0,5,18034401,0,1
18758,162184,0,0,0,1,473,410,0,1,0,1,2,16218404,0,1
13963,244723,0,1,1,1,434,410,1,0,1,0,8,24472305,1,1
15565,170295,1,0,1,0,494,445,0,1,0,0,14,17029502,0,1
20195,161176,0,0,1,0,454,408,0,1,0,1,6,16117604,0,1
20272,161183,0,0,0,1,520,436,1,1,0,0,8,16118305,0,1
15629,244745,0,0,0,1,559,465,0,0,0,1,14,24474502,1,0
15115,203452,0,0,0,0,559,580,0,1,0,1,19,20345203,0,1
13723,244818,1,0,0,1,473,430,0,0,1,0,11,24481803,1,1
12275,169219,1,0,1,0,520,451,0,0,0,0,18,16921903,0,1
12188,216536,1,0,0,0,520,545,0,1,0,0,13,21653602,1,1
12752,212522,1,0,0,1,473,414,0,0,1,0,13,21252202,0,1
14439,173312,0,0,0,1,576,522,0,1,0,1,11,17331201,0,1
17200,261927,0,0,0,0,489,465,1,1,0,0,13,26192702,1,1
13288,159171,0,1,0,0,500,451,1,1,0,0,16,15917105,1,1
14736,208501,1,0,0,0,520,450,0,1,0,0,12,20850102,1,1
16745,244801,0,0,0,0,473,416,1,0,0,0,0,24480101,0,1
17071,244736,0,1,0,1,536,439,1,0,1,0,0,24473602,0,1
16310,221571,0,1,0,1,375,405,0,1,0,1,21,22157104,0,1
13325,201449,0,0,0,0,576,472,0,1,0,1,7,20144906,0,1
14405,257905,0,0,1,1,528,461,0,0,1,1,13,25790503,0,1
17480,244708,0,1,0,1,468,411,1,0,1,0,2,24470803,0,1
12250,169229,0,0,1,0,547,527,0,0,0,1,10,16922905,0,0
15180,193422,0,0,0,0,536,465,1,1,0,0,11,19342203,0,1
16672,180344,0,1,1,0,468,411,0,0,1,1,13,18034404,1,1
18231,244697,0,1,0,1,434,408,0,0,1,1,1,24469702,0,1
15738,259915,0,0,1,0,429,413,1,1,0,0,5,25991503,1,1
21406,193422,0,0,0,0,500,431,1,1,0,0,11,19342203,0,1
15763,201449,1,0,1,0,576,497,0,1,0,0,7,20144904,1,1
16959,161176,1,0,1,0,513,430,0,1,0,0,2,16117602,0,1
15155,208503,1,0,1,0,405,407,0,1,0,0,3,20850303,1,1
11049,257905,1,0,1,1,434,418,0,0,1,0,14,25790505,0,1
12292,209510,0,0,1,0,468,437,0,1,0,1,15,20951005,0,1
17649,257899,0,0,1,0,468,411,0,1,0,1,13,25789902,1,1
16671,193422,1,0,0,0,506,453,0,1,0,0,9,19342201,0,1
12614,169229,0,0,1,0,494,447,1,0,0,0,11,16922902,0,1
12303,203452,0,0,0,0,500,450,0,1,0,1,19,20345201,0,1
17279,244723,0,1,1,1,439,413,1,0,1,0,8,24472305,1,1
16447,112038,1,0,1,1,463,414,0,0,1,0,17,11203803,0,1
13331,205490,1,1,1,1,392,418,0,0,1,0,11,20549002,0,1
15065,176329,0,0,0,1,576,448,1,1,0,0,2,17632901,0,1
17321,244776,0,1,1,1,468,436,0,0,1,1,6,24477601,1,1
12939,244727,0,1,0,0,559,492,0,0,0,1,21,24472701,0,1
12798,244839,0,1,0,0,494,434,1,0,0,0,1,24483901,0,1
13231,244818,0,1,0,1,459,398,1,0,1,0,9,24481804,0,0
12126,208503,0,0,1,0,500,443,0,1,0,1,8,20850302,1,1
18249,257905,0,0,0,0,489,460,1,0,1,0,8,25790506,0,1
11838,205491,0,0,1,0,449,422,1,0,0,0,3,20549103,0,1
17457,244839,1,1,0,0,520,428,0,0,0,0,21,24483902,0,0
15072,203457,1,0,0,1,463,434,0,1,0,0,9,20345702,1,1
15951,225585,0,0,1,1,423,413,0,1,0,1,15,22558502,0,1
16106,234628,0,0,1,1,473,430,0,1,0,1,9,23462801,0,1
16321,225585,1,0,1,1,528,416,0,1,0,0,13,22558504,1,1
16367,215533,0,0,1,0,536,463,1,1,0,0,15,21553302,1,1
14890,244806,0,1,0,1,439,418,1,0,1,0,6,24480605,0,0
17277,244746,0,1,0,1,434,425,1,0,1,0,5,24474602,0,1
14003,244799,1,1,0,0,513,448,0,0,0,0,10,24479901,1,1
14514,234628,1,0,0,0,528,436,0,1,0,0,9,23462803,1,1
16577,130085,0,0,1,0,484,407,0,0,0,1,11,13008504,0,1
15840,203457,0,0,1,0,478,468,0,1,0,1,15,20345703,0,1
16875,264945,0,0,1,0,513,433,1,0,0,0,3,26494503,0,1
17379,169229,0,0,1,0,494,468,0,0,0,1,16,16922906,0,0
15292,203452,1,0,1,0,459,522,0,1,0,0,5,20345204,0,1
20867,203452,1,0,0,1,444,408,0,1,0,0,5,20345204,0,1
17035,208501,1,0,0,0,520,443,0,1,0,0,12,20850102,1,1
15402,169280,0,0,0,0,506,461,0,0,0,1,12,16928001,1,1
20175,161176,0,0,1,0,484,427,1,1,0,0,6,16117603,0,1
12264,262937,0,0,1,0,576,461,1,0,0,0,15,26293702,1,1
15798,180344,1,0,1,1,449,437,0,0,1,0,0,18034402,0,1
12509,257905,0,0,1,0,520,458,0,0,1,1,13,25790503,0,1
17572,244736,0,1,1,1,423,418,1,0,1,0,0,24473602,0,1
14719,244776,0,1,0,1,405,400,0,0,1,1,2,24477605,0,1
11705,225585,0,0,1,0,536,439,1,1,0,0,13,22558501,1,1
15352,161183,0,0,1,1,602,474,0,1,0,1,6,16118303,1,1
15650,244776,1,1,1,1,429,408,0,0,1,0,5,24477603,0,0
13190,166203,0,0,1,1,473,425,1,0,1,0,13,16620302,1,1
12269,169229,0,0,1,0,520,467,0,0,0,1,16,16922906,0,0
21485,221571,0,0,1,1,320,315,1,1,0,0,3,22157101,0,0
17673,244727,1,1,1,1,439,408,0,0,0,0,12,24472703,0,0
18715,244746,1,1,1,1,449,428,0,0,1,0,17,24474601,1,1
12709,221571,0,1,1,1,506,431,1,1,0,0,3,22157101,0,0
14673,244708,0,1,0,1,392,380,1,0,1,0,3,24470804,0,0
13357,244755,0,1,0,1,489,442,1,0,1,0,11,24475501,0,1
16736,193422,0,0,1,0,500,436,1,1,0,0,11,19342203,0,1
19491,165199,1,0,1,1,459,427,0,0,1,0,12,16519903,1,1
11422,244708,0,1,1,1,405,388,1,0,1,0,2,24470803,0,1
15076,128076,0,0,1,0,439,413,0,0,0,1,0,12807601,0,1
14167,193422,0,0,1,0,494,445,1,1,0,0,11,19342203,0,1
15483,203457,0,1,0,1,473,455,1,1,0,0,12,20345701,1,1
14729,205492,0,1,1,1,547,437,1,0,0,0,24,20549203,1,1
16710,176329,0,0,0,1,506,453,1,1,0,0,2,17632901,0,1
15617,234628,1,0,0,1,468,402,0,1,0,0,9,23462803,1,1
17565,244776,0,1,1,1,500,422,0,0,1,1,6,24477601,1,1
14758,212522,1,0,1,1,444,405,0,0,1,0,13,21252202,0,1
12178,234628,1,1,1,0,506,467,0,1,0,0,9,23462803,1,1
11737,166203,0,0,1,0,463,439,1,0,1,0,13,16620302,1,1
15148,244776,0,1,1,1,478,425,1,0,1,0,7,24477607,1,1
12499,216536,0,0,0,0,536,428,1,1,0,0,2,21653601,0,1
14529,262937,0,0,1,0,449,433,0,0,0,1,8,26293704,1,1
12068,168214,1,0,0,0,547,437,0,1,0,0,6,16821402,1,1
16082,161176,0,0,1,0,454,416,0,1,0,1,20,16117601,0,1
13400,244806,1,1,1,0,494,434,0,0,1,0,10,24480606,0,0
17516,244708,1,1,1,1,459,402,0,0,1,0,0,24470806,0,1
13011,244708,1,1,1,1,478,411,0,0,1,0,0,24470806,0,1
12800,244736,0,1,0,1,528,456,1,0,1,0,0,24473602,0,1
14280,169231,0,1,1,0,439,410,1,0,1,0,3,16923103,1,0
19103,262937,0,0,0,0,500,440,0,0,0,1,18,26293703,1,1
16653,231616,0,0,0,0,506,439,1,1,0,0,20,23161603,0,1
11203,205492,0,1,0,1,506,485,0,0,0,1,3,20549202,0,1
16871,169231,1,1,1,0,454,410,0,0,1,0,9,16923101,0,1
15134,128079,0,0,1,0,478,439,0,1,0,1,8,12807903,0,1
18707,161183,1,0,1,1,478,403,0,1,0,0,10,16118304,1,1
12506,257905,1,0,1,0,494,460,0,0,1,0,14,25790505,0,1
21123,176329,0,0,1,1,536,450,1,1,0,0,2,17632901,0,1
15702,130085,0,0,1,0,459,410,0,0,0,1,11,13008504,0,1
11516,244776,0,1,0,1,449,400,0,0,1,1,3,24477608,0,0
18641,209510,0,0,1,1,468,437,0,1,0,1,15,20951005,0,1
12924,193423,0,0,0,1,528,425,0,1,0,1,6,19342301,0,1
13473,205490,0,1,0,1,434,405,1,0,1,0,12,20549003,0,1
13852,166203,0,0,1,1,444,428,0,0,1,1,11,16620301,0,1
13492,244723,0,1,1,1,463,416,1,0,1,0,8,24472305,1,1
18650,159171,0,0,1,1,576,605,0,1,0,1,8,15917102,1,1
14907,257905,1,0,1,0,506,476,0,0,1,0,14,25790505,0,1
17775,128079,0,0,0,0,494,470,0,1,0,1,8,12807903,0,1
16136,191411,0,0,1,1,459,424,0,1,0,1,8,19141101,1,1
19786,189378,0,0,0,1,494,436,0,1,0,1,12,18937804,0,1
13854,244746,0,1,0,1,559,472,0,0,1,1,5,24474603,0,1
14177,170295,1,0,0,1,459,424,0,1,0,0,14,17029502,0,1
18762,244818,0,1,1,1,478,403,1,0,1,0,10,24481801,0,0
19048,244774,0,1,0,1,576,463,0,0,1,1,6,24477402,0,0
12055,112038,0,0,1,0,463,419,1,0,1,0,6,11203802,1,1
14384,244746,1,1,1,1,484,450,0,0,1,0,17,24474601,1,1
15730,123056,0,0,1,0,484,434,0,1,0,1,6,12305602,1,1
20242,228606,0,0,0,0,547,487,1,1,0,0,13,22860602,0,1
14228,231616,0,0,1,1,484,422,1,1,0,0,20,23161603,0,1
13416,201449,1,0,1,0,500,440,0,1,0,0,7,20144904,1,1
16947,205489,0,0,0,1,468,425,0,0,0,1,10,20548904,0,1
11476,244796,0,1,1,1,459,403,0,0,1,1,12,24479601,1,1
13569,180344,1,0,1,0,463,434,0,0,1,0,0,18034402,0,1
17853,169229,0,1,0,0,489,418,0,0,0,1,10,16922905,0,0
15479,162184,0,0,0,1,494,445,1,1,0,0,4,16218401,0,1
16622,205490,0,1,1,1,405,391,1,0,1,0,12,20549003,0,1
14199,180344,1,0,1,0,489,425,0,0,1,0,0,18034402,0,1
17025,193422,1,0,1,0,489,422,0,1,0,0,9,19342201,0,1
18873,244806,1,1,0,1,434,445,0,0,1,0,10,24480606,0,0
13561,180344,1,0,0,0,484,495,0,0,1,0,0,18034402,0,1
21350,168211,1,0,0,1,473,403,0,1,0,0,27,16821102,0,1
16154,262937,0,0,0,0,536,451,1,0,0,0,15,26293702,1,1
17212,244745,1,0,0,0,513,467,0,0,0,0,15,24474504,1,0
16878,169229,0,0,0,0,520,443,1,0,0,0,13,16922903,1,1
14207,221571,1,0,1,0,434,386,0,1,0,0,7,22157105,0,1
16208,215533,0,1,0,1,439,414,0,1,0,1,6,21553303,1,1
13320,212522,1,0,1,0,602,450,0,0,1,0,13,21252202,0,1
12369,234628,1,0,0,0,513,532,0,1,0,0,20,23462802,1,1
12818,244780,0,1,1,1,547,461,0,0,1,1,2,24478003,0,1
17398,244728,0,1,0,1,405,410,1,0,1,0,15,24472803,1,0
15264,244745,0,0,1,0,513,427,1,0,0,0,1,24474503,0,0
17729,221571,0,1,1,1,392,378,1,1,0,0,13,22157103,1,1
21334,244801,0,0,0,0,439,402,0,0,0,1,5,24480102,0,1
15934,209510,0,0,0,0,478,431,1,1,0,0,8,20951001,1,0
19108,261927,0,0,1,1,434,393,1,1,0,0,11,26192704,1,1
17295,205490,0,1,0,1,423,393,1,0,1,0,12,20549003,0,1
21377,264945,1,0,1,0,520,455,0,0,0,0,17,26494501,0,1
13763,244818,0,1,1,1,418,395,1,0,1,0,9,24481804,0,0
17532,244799,1,1,0,1,454,408,0,0,0,0,10,24479901,1,1
11438,244697,1,1,0,1,513,430,0,0,1,0,22,24469704,1,1
14670,189382,1,0,1,0,528,456,0,0,0,0,14,18938203,1,1
17060,189396,1,0,0,0,454,411,0,1,0,0,12,18939603,0,1
16842,130085,1,0,1,0,434,422,0,0,0,0,8,13008503,1,1
20103,244745,0,0,1,1,478,445,1,0,0,0,1,24474503,0,0
14351,244774,1,1,0,1,468,503,0,0,1,0,0,24477401,0,1
21392,166203,0,0,1,0,449,419,1,0,1,0,13,16620302,1,1
15495,212522,0,0,1,0,528,433,1,0,1,0,4,21252205,1,1
21399,165199,0,0,0,0,513,448,0,0,1,1,12,16519901,1,1
12359,161176,0,0,1,0,500,418,1,1,0,0,6,16117603,0,1
13996,244708,0,1,0,1,459,419,0,0,1,1,14,24470801,0,1
14049,189378,0,0,0,0,459,439,0,1,0,1,2,18937802,0,1
12364,161176,1,0,1,0,559,450,0,1,0,0,2,16117602,0,1
13215,165199,0,0,1,0,602,480,0,0,1,1,12,16519901,1,1
20154,205491,1,0,0,0,459,448,0,0,0,0,17,20549104,0,1
14248,244780,0,1,1,1,513,456,0,0,1,1,2,24478003,0,1
13628,244755,0,1,0,1,468,419,1,0,1,0,11,24475501,0,1
10767,201449,1,0,1,1,547,451,0,1,0,0,7,20144904,1,1
17444,208501,0,0,0,0,559,490,1,1,0,0,13,20850101,0,1
12097,201449,0,0,1,0,513,503,0,1,0,1,7,20144906,0,1
18693,244697,0,1,0,1,463,414,0,0,1,1,14,24469705,0,0
14361,252885,1,0,1,0,513,433,0,1,0,0,9,25288504,0,1
15953,225585,0,0,1,0,449,407,1,1,0,0,13,22558501,1,1
16130,169280,0,0,0,0,494,453,1,0,0,0,13,16928002,1,1
16464,234628,0,0,0,0,506,453,0,1,0,1,9,23462801,0,1
15196,193423,0,0,0,1,559,437,0,1,0,1,12,19342302,0,1
13537,170295,0,0,1,0,528,580,1,1,0,0,19,17029501,0,1
16927,189378,0,0,1,0,454,443,0,1,0,1,2,18937802,0,1
14837,244831,0,1,0,1,473,447,0,0,0,1,12,24483101,0,0
11669,234628,0,0,1,1,454,413,0,1,0,1,10,23462804,1,1
17320,244697,1,1,1,1,473,434,0,0,1,0,5,24469703,1,1
18210,123056,0,0,1,1,454,416,1,1,0,0,16,12305603,0,1
12378,208503,0,0,1,1,489,416,1,1,0,0,8,20850301,1,1
17740,244796,0,1,0,1,449,421,0,0,1,1,12,24479601,1,1
13433,244818,1,1,0,1,423,411,0,0,1,0,11,24481803,1,1
12609,169229,0,0,0,0,602,500,0,0,0,1,15,16922901,1,1
15986,244764,0,1,0,1,468,413,0,0,1,1,13,24476402,1,0
15905,215533,1,0,1,1,576,470,0,1,0,0,9,21553304,0,1
15677,257899,0,0,1,1,528,447,1,1,0,0,12,25789904,1,1
12345,203452,1,0,1,0,494,421,0,1,0,0,5,20345204,0,1
17737,244774,1,1,0,1,520,424,0,0,1,0,1,24477403,0,1
18127,244831,0,0,0,0,444,419,1,0,0,0,18,24483102,0,0
17666,166203,0,0,0,1,478,408,0,0,1,1,11,16620301,0,1
17070,244745,0,1,0,1,513,422,1,0,0,0,1,24474503,0,0
20236,228606,1,0,1,0,484,440,0,1,0,0,8,22860601,1,1
16754,244839,0,1,0,1,468,408,1,0,0,0,1,24483901,0,1
19784,244745,1,1,1,1,528,463,0,0,0,0,5,24474501,0,0
16452,123056,0,0,0,1,429,410,1,1,0,0,16,12305603,0,1
21292,218562,0,0,1,0,506,439,1,0,1,0,0,21856204,0,1
11210,128079,0,0,0,0,500,580,0,1,0,1,8,12807903,0,1
12428,215533,0,0,1,1,602,476,0,1,0,1,4,21553305,0,1
11504,244727,0,1,1,1,513,476,0,0,0,1,21,24472701,0,1
13176,161183,1,0,1,0,559,468,0,1,0,0,10,16118302,1,1
13737,244736,1,1,1,1,463,437,0,0,1,0,11,24473601,0,1
19435,257899,0,0,1,1,506,408,1,1,0,0,12,25789904,1,1
12683,128079,0,0,0,0,412,416,1,1,0,0,8,12807901,0,1
10541,244755,1,1,1,1,434,397,0,0,1,0,7,24475502,0,1
12171,228606,0,0,0,0,459,443,1,1,0,0,13,22860602,0,1
12527,261927,1,0,0,0,536,443,0,1,0,0,11,26192701,1,1
16250,208501,0,0,1,1,444,408,0,1,0,1,5,20850104,0,1
14689,201449,0,0,0,1,528,453,1,1,0,0,10,20144905,0,1
14416,244839,0,1,1,1,434,376,0,0,0,1,11,24483905,0,0
15952,225585,0,0,1,0,484,497,0,1,0,1,15,22558502,0,1
16346,244776,1,1,1,1,429,400,0,0,1,0,5,24477603,0,0
17609,234628,1,0,1,1,489,419,0,1,0,0,20,23462802,1,1
18739,244801,0,0,0,0,506,448,1,0,0,0,0,24480101,0,1
15096,189396,0,0,0,0,559,492,0,1,0,1,5,18939601,1,1
13627,244727,1,1,0,0,500,440,0,0,0,0,1,24472704,0,0
17249,193423,0,0,0,0,602,451,0,1,0,1,12,19342302,0,1
11437,244755,0,1,1,1,500,434,1,0,1,0,1,24475504,0,0
16107,168211,0,0,0,0,423,397,0,1,0,1,8,16821104,0,1
13642,244799,0,1,1,0,459,397,1,0,0,0,6,24479904,0,1
14899,257899,0,0,1,0,500,437,0,1,0,1,13,25789902,1,1
17773,205492,0,1,0,1,528,465,0,0,0,1,3,20549202,0,1
17612,244723,1,1,0,1,434,418,0,0,1,0,17,24472301,1,1
21504,165199,1,0,1,0,506,450,0,0,1,0,12,16519903,1,1
13659,205492,0,1,1,1,506,474,0,0,0,1,3,20549202,0,1
15178,193423,1,0,0,0,500,414,0,1,0,0,12,19342303,1,1
18648,244839,0,1,1,0,547,467,0,0,0,1,11,24483905,0,0
11895,257905,1,0,1,1,547,470,0,0,1,0,14,25790505,0,1
14860,244736,0,1,1,1,576,456,0,0,1,1,6,24473603,0,1
15131,205488,0,0,1,0,489,453,0,0,0,1,4,20548803,1,1
18721,201449,0,0,1,1,478,411,1,1,0,0,6,20144903,1,1
13550,159171,0,0,0,1,484,460,0,1,0,1,8,15917102,1,1
18259,162184,0,0,0,1,444,419,0,1,0,1,6,16218403,1,1
15542,193423,0,0,1,0,513,437,1,1,0,0,13,19342304,1,1
12380,208501,0,0,1,0,489,428,1,1,0,0,13,20850101,0,1
14371,252885,0,1,1,0,449,413,1,1,0,0,10,25288502,1,1
16414,252885,0,0,1,0,536,472,1,1,0,0,5,25288503,0,1
18681,161183,0,0,1,1,454,413,1,1,0,0,12,16118301,1,1
13879,234628,0,0,1,0,473,414,1,1,0,0,8,23462805,0,1
15999,244697,1,1,0,1,434,421,0,0,1,0,5,24469703,1,1
14451,168214,1,0,0,0,626,518,0,1,0,0,6,16821402,1,1
14223,228606,1,1,1,0,405,405,0,1,0,0,8,22860601,1,1
13739,244806,0,1,1,1,520,442,0,0,1,1,11,24480607,0,1
14091,244697,1,1,0,1,473,411,0,0,1,0,22,24469704,1,1
15124,205488,0,0,0,0,484,451,1,0,0,0,12,20548802,0,1
21345,161183,1,0,0,1,449,407,0,1,0,0,10,16118302,1,1
14889,216536,0,0,1,0,439,403,1,1,0,0,1,21653605,0,1
13748,244806,0,1,0,1,520,448,1,0,1,0,6,24480605,0,0
12159,215533,1,0,1,0,449,421,0,1,0,0,3,21553301,0,1
16271,230612,0,0,0,1,520,460,0,1,0,1,4,23061202,0,1
18864,166203,0,0,0,0,468,421,1,0,1,0,13,16620302,1,1
14621,180344,1,0,1,1,513,450,0,0,1,0,11,18034403,0,1
17661,203452,1,0,1,0,473,439,0,1,0,0,5,20345204,0,1
13967,169231,0,1,1,0,439,410,1,0,1,0,3,16923103,1,0
14324,244755,1,1,0,1,463,408,0,0,1,0,7,24475502,0,1
15872,128068,0,0,0,0,434,407,1,1,0,0,1,12806802,0,1
11503,244780,0,1,0,0,626,465,0,0,1,1,2,24478003,0,1
17415,191411,1,0,0,1,449,416,0,1,0,0,8,19141102,1,1
18737,228606,0,0,0,1,449,403,0,1,0,1,14,22860604,0,1
21390,244839,1,0,1,0,513,422,0,0,0,0,21,24483902,0,0
12917,209510,0,0,0,1,463,437,0,1,0,1,10,20951004,0,1
13312,205490,0,1,0,1,444,407,0,0,1,1,3,20549001,0,1
16902,169231,1,0,0,1,500,419,0,0,1,0,9,16923101,0,1
19791,205490,1,1,1,0,405,411,0,0,1,0,11,20549002,0,1
12239,165199,0,0,0,0,559,503,1,0,1,0,3,16519902,0,1
16966,234628,1,0,1,0,494,463,0,1,0,0,20,23462802,1,1
16439,166203,1,0,0,1,454,411,0,0,1,0,5,16620303,0,1
15851,205491,0,0,0,0,513,436,1,0,0,0,3,20549103,0,1
11920,165199,0,0,1,0,536,474,0,0,1,1,12,16519901,1,1
13243,169219,0,0,0,0,576,461,1,0,0,0,12,16921902,1,1
17307,244727,0,1,1,0,473,419,1,0,0,0,4,24472702,0,1
16071,128068,1,0,1,1,449,434,0,1,0,0,11,12806803,0,1
21453,128076,0,0,1,0,484,440,1,0,0,0,8,12807602,0,1
11128,201449,1,1,1,0,434,398,0,1,0,0,7,20144904,1,1
11478,244723,1,1,1,1,439,424,0,0,1,0,6,24472304,0,1
11946,221574,1,0,0,0,489,456,0,1,0,0,8,22157402,1,1
18718,244806,0,1,0,0,454,437,0,0,1,1,11,24480607,0,1
12424,170295,0,0,1,1,520,447,1,1,0,0,19,17029501,0,1
19118,244723,0,1,1,1,454,422,0,0,1,1,2,24472302,0,0
12976,205490,1,1,1,1,484,430,0,0,1,0,11,20549002,0,1
16344,261927,0,0,0,0,449,421,1,1,0,0,13,26192702,1,1
11216,205492,0,1,0,1,528,434,1,0,0,0,24,20549203,1,1
11106,244780,0,1,0,1,559,440,1,0,1,0,10,24478002,0,0
21579,257899,0,0,0,0,473,448,0,1,0,1,8,25789903,0,1
17492,244708,1,1,0,1,439,407,0,0,1,0,2,24470805,0,1
16835,130085,0,0,1,0,500,447,0,0,0,1,7,13008502,1,1
12079,168211,0,0,0,1,528,450,0,1,0,1,8,16821104,0,1
13440,205488,0,0,1,0,429,402,0,0,0,1,4,20548803,1,1
12429,215533,0,0,1,0,506,421,0,1,0,1,6,21553303,1,1
15267,244776,0,1,0,1,468,421,1,0,1,0,7,24477607,1,1
17215,244799,0,1,0,0,468,419,1,0,0,0,6,24479904,0,1
17281,244818,0,1,1,0,449,397,1,0,1,0,9,24481804,0,0
12880,166203,0,0,1,0,528,468,1,0,1,0,13,16620302,1,1
13691,244776,0,1,0,1,463,434,0,0,1,1,2,24477605,0,1
14742,208503,1,0,0,0,489,402,0,1,0,0,3,20850303,1,1
13580,168214,0,0,0,0,489,442,0,1,0,1,6,16821401,0,1
11402,244774,1,1,1,1,536,440,0,0,1,0,1,24477403,0,1
12337,201449,1,0,1,0,489,439,0,1,0,0,12,20144902,1,1
19010,166203,1,1,0,1,454,416,0,0,1,0,5,16620303,0,1
13218,244697,1,1,1,1,463,419,0,0,1,0,5,24469703,1,1
11970,189396,0,0,0,0,412,408,0,1,0,1,5,18939601,1,1
20257,228606,1,0,0,1,478,416,0,1,0,0,8,22860601,1,1
12565,164198,0,1,0,1,439,414,1,1,0,0,4,16419803,1,1
21156,168211,1,0,1,1,463,428,0,1,0,0,27,16821102,0,1
15573,180344,0,1,1,0,489,436,0,0,1,1,13,18034404,1,1
16833,128076,0,0,1,0,468,436,1,0,0,0,8,12807602,0,1
21256,176329,1,0,0,1,468,461,0,1,0,0,21,17632904,1,1
16026,252885,0,0,0,0,506,507,1,1,0,0,5,25288503,0,1
17370,244776,0,1,1,1,489,440,0,0,1,1,3,24477608,0,0
17766,244801,0,1,1,1,489,427,0,0,0,1,20,24480104,1,1
21139,244806,0,1,1,1,500,483,1,0,1,0,12,24480604,0,0
11505,244708,0,1,1,1,439,411,0,0,1,1,14,24470801,0,1
14367,252885,0,0,0,1,468,442,1,1,0,0,10,25288502,1,1
17036,209510,0,0,0,0,434,422,1,1,0,0,8,20951001,1,0
17760,218562,0,0,0,0,500,451,0,0,1,1,11,21856203,0,1
15593,221574,0,1,0,1,405,391,1,1,0,0,2,22157404,0,1
15313,257899,1,0,1,0,520,436,0,1,0,0,12,25789905,1,1
15983,244776,0,1,0,1,520,447,1,0,1,0,9,24477604,0,0
19517,244799,0,1,0,0,468,405,1,0,0,0,6,24479904,0,1
13506,208501,1,0,0,0,506,467,0,1,0,0,12,20850102,1,1
18752,201449,0,0,0,0,559,470,0,1,0,1,7,20144906,0,1
19505,159171,0,0,0,1,547,495,1,1,0,0,16,15917105,1,1
12590,264945,1,0,1,0,484,433,0,0,0,0,17,26494501,0,1
17563,244818,0,0,1,1,434,398,1,0,1,0,9,24481804,0,0
12933,225585,0,0,0,0,520,451,1,1,0,0,13,22558501,1,1
15926,170295,1,0,1,0,500,437,0,1,0,0,14,17029502,0,1
15607,162184,0,0,0,0,468,436,1,1,0,0,4,16218401,0,1
15616,234628,0,0,0,0,484,419,1,1,0,0,8,23462805,0,1
14230,162184,1,0,0,1,418,390,0,1,0,0,5,16218402,1,1
18900,244746,0,1,0,1,506,433,1,0,1,0,5,24474602,0,1
15125,203452,0,0,0,0,468,451,1,1,0,0,11,20345202,0,1
13554,244728,1,1,0,0,454,410,0,0,1,0,6,24472802,0,0
21217,162184,0,0,0,1,473,403,0,1,0,1,6,16218403,1,1
11927,262937,0,0,1,0,602,497,0,0,0,1,18,26293703,1,1
10433,162184,0,0,1,1,459,398,0,1,0,1,6,16218403,1,1
13725,244755,0,1,1,1,528,440,1,0,1,0,24,24475505,0,0
17433,169219,0,0,1,0,536,463,1,0,0,0,12,16921902,1,1
13494,244736,0,1,1,1,513,424,0,0,1,1,6,24473603,0,1
12425,193422,0,0,1,0,536,467,1,1,0,0,11,19342203,0,1
18640,244776,0,1,1,1,459,413,1,0,1,0,7,24477607,1,1
17064,234628,1,0,0,0,494,458,0,1,0,0,20,23462802,1,1
18735,221571,0,0,0,1,444,430,0,1,0,1,3,22157102,0,1
15911,193422,0,0,1,1,439,416,1,1,0,0,11,19342203,0,1
13026,257899,0,0,1,0,429,405,0,1,0,1,13,25789902,1,1
14462,128079,0,0,0,1,423,400,1,1,0,0,8,12807901,0,1
15144,205490,1,1,1,1,449,407,0,0,1,0,11,20549002,0,1
13597,244727,1,1,0,1,478,443,0,0,0,0,1,24472704,0,0
17528,244723,1,1,0,1,392,403,0,0,1,0,6,24472304,0,1
16050,257905,1,0,0,1,463,472,0,0,1,0,11,25790507,0,1
12504,257899,0,0,1,1,459,413,0,1,0,1,8,25789903,0,1
13782,257905,0,0,0,0,506,472,0,0,1,1,13,25790503,0,1
16706,231616,1,0,0,1,528,440,0,1,0,0,12,23161601,0,1
13813,244801,1,0,1,0,473,448,0,0,0,0,8,24480103,0,0
16910,201449,1,0,0,0,484,455,0,1,0,0,7,20144904,1,1
14369,252885,0,0,1,0,547,456,0,1,0,1,14,25288501,1,1
18771,212522,0,0,1,1,489,433,0,0,1,1,17,21252204,1,1
14147,244818,0,0,1,1,500,448,1,0,1,0,10,24481801,0,0
21219,208503,0,0,1,1,506,408,1,1,0,0,8,20850301,1,1
13527,212522,0,1,1,1,444,448,0,0,1,1,17,21252204,1,1
12732,221574,0,0,1,0,449,418,0,1,0,1,1,22157401,0,1
20206,161183,0,0,1,1,429,397,1,1,0,0,8,16118305,0,1
12989,244839,0,0,1,0,602,468,0,0,0,1,11,24483905,0,0
14387,244708,0,1,1,0,439,419,0,0,1,1,1,24470802,0,0
10303,244831,0,0,1,0,449,408,1,0,0,0,18,24483102,0,0
20194,216536,0,0,0,0,500,437,0,1,0,1,22,21653604,0,1
15613,130085,1,0,0,0,559,458,0,0,0,0,8,13008503,1,1
12526,261927,0,0,1,0,576,443,0,1,0,1,3,26192703,0,1
13676,244780,0,1,0,1,520,445,1,0,1,0,10,24478002,0,0
20147,216536,0,0,0,1,478,410,1,1,0,0,2,21653601,0,1
17027,230612,1,0,1,0,576,476,0,1,0,0,6,23061201,0,1
13222,201449,0,1,0,0,528,456,0,1,0,1,7,20144906,0,1
16406,216536,1,0,0,0,473,416,0,1,0,0,13,21653602,1,1
12856,257899,0,0,0,0,536,442,1,1,0,0,12,25789904,1,1
17208,212522,0,0,0,1,513,433,1,0,1,0,4,21252205,1,1
17194,225585,0,0,0,0,429,400,0,1,0,1,15,22558502,0,1
12371,205491,0,1,1,1,405,380,0,0,0,1,15,20549102,0,1
18124,244745,0,0,1,0,494,465,0,0,0,1,14,24474502,1,0
14594,244818,0,1,1,1,434,382,1,0,1,0,9,24481804,0,0
15275,244774,1,1,0,1,528,425,0,0,1,0,1,24477403,0,1
13258,169229,0,0,1,0,559,490,1,0,0,0,11,16922902,0,1
12265,169231,0,1,0,0,484,411,0,0,1,1,9,16923102,0,1
11294,244723,0,1,1,1,392,391,1,0,1,0,8,24472305,1,1
16583,189378,0,0,1,0,468,421,0,1,0,1,12,18937804,0,1
17322,244723,1,1,0,1,444,414,0,0,1,0,6,24472304,0,1
11567,244745,0,1,1,1,513,427,1,0,0,0,1,24474503,0,0
17087,193422,1,0,0,0,484,430,0,1,0,0,9,19342201,0,1
16397,244746,0,1,0,1,602,495,0,0,1,1,5,24474603,0,1
20201,216536,0,0,1,1,449,400,1,1,0,0,1,21653605,0,1
16056,259915,1,0,1,1,528,433,0,1,0,0,15,25991502,0,1
11464,244746,1,1,0,1,459,447,0,0,1,0,17,24474601,1,1
15325,252885,0,0,1,1,484,458,1,1,0,0,5,25288503,0,1
21439,189382,1,0,1,0,473,463,0,0,0,0,14,18938203,1,1
14475,234628,0,0,0,0,500,451,1,1,0,0,8,23462805,0,1
15369,168211,1,0,0,1,520,442,0,1,0,0,14,16821105,0,1
17362,130085,0,0,1,1,484,433,0,0,0,1,7,13008502,1,1
17606,173312,0,0,1,0,536,492,0,1,0,1,11,17331201,0,1
16549,169229,0,0,1,0,602,503,0,0,0,1,16,16922906,0,0
16903,169229,0,0,1,0,478,451,1,0,0,0,11,16922902,0,1
13635,244806,0,1,0,0,536,500,0,0,1,1,11,24480607,0,1
11328,169229,1,0,1,0,473,453,0,0,0,0,5,16922904,0,0
15805,203452,1,0,1,1,489,437,0,1,0,0,5,20345204,0,1
15374,168214,1,0,0,0,478,436,0,1,0,0,6,16821402,1,1
13319,244801,0,0,1,0,444,408,1,0,0,0,0,24480101,0,1
13012,244708,1,1,0,1,392,403,0,0,1,0,0,24470806,0,1
13778,216536,0,0,0,0,528,450,1,1,0,0,1,21653605,0,1
13609,231616,1,0,1,0,520,458,0,1,0,0,12,23161601,0,1
18978,244806,1,1,1,1,494,451,0,0,1,0,20,24480602,0,0
10424,244806,0,1,1,1,500,414,0,0,1,1,1,24480601,0,1
16277,212522,0,0,1,0,429,403,0,0,1,1,21,21252203,0,1
18219,216536,0,0,0,0,500,414,0,1,0,1,22,21653604,0,1
16765,244697,0,1,1,1,429,391,1,0,1,0,6,24469701,1,1
16422,257899,0,0,0,0,478,430,1,1,0,0,12,25789904,1,1
12167,228606,0,0,1,1,463,437,1,1,0,0,13,22860602,0,1
15817,257899,0,0,1,0,463,430,1,1,0,0,13,25789901,1,1
12271,201449,0,0,0,0,576,507,0,1,0,1,4,20144901,1,1
18939,244774,0,1,0,0,484,455,0,0,1,1,2,24477404,0,1
17018,180344,0,0,1,0,454,431,1,0,1,0,5,18034401,0,1
19489,261927,0,0,1,1,412,411,1,1,0,0,11,26192704,1,1
14783,193423,0,0,1,0,454,424,1,1,0,0,13,19342304,1,1
15808,189382,0,0,0,0,513,470,1,0,0,0,15,18938202,0,1
16627,208503,0,0,1,0,468,400,1,1,0,0,8,20850301,1,1
19264,205488,1,0,1,0,459,427,0,0,0,0,0,20548801,0,1
16041,257905,0,0,0,1,506,448,0,0,1,1,7,25790501,1,1
13437,205491,0,0,1,0,559,474,0,0,0,1,0,20549101,0,1
16244,128068,0,0,1,1,423,388,1,1,0,0,1,12806802,0,1
20177,161183,0,0,0,1,494,407,1,1,0,0,12,16118301,1,1
14806,225585,0,0,1,0,459,410,1,1,0,0,13,22558503,0,0
14279,244774,0,1,1,1,506,433,0,0,1,1,2,24477404,0,1
14777,180344,1,0,0,0,489,419,0,0,1,0,11,18034403,0,1
19090,244796,0,1,0,1,454,403,0,0,1,1,21,24479603,0,0
13574,215533,0,1,1,1,484,414,1,1,0,0,15,21553302,1,1
16563,180344,0,0,0,0,459,405,0,0,1,1,1,18034405,0,1
11334,244780,1,1,0,1,547,478,0,0,1,0,24,24478001,1,1
14767,259915,1,0,1,0,528,451,0,1,0,0,15,25991502,0,1
13885,244746,1,1,0,0,484,408,0,0,1,0,17,24474601,1,1
15251,234628,1,0,0,1,459,413,0,1,0,0,9,23462803,1,1
14096,205492,0,1,1,0,559,500,0,0,0,1,3,20549204,0,1
10396,244796,0,1,0,1,489,428,0,0,1,1,21,24479603,0,0
17130,257899,0,0,0,0,418,419,1,1,0,0,13,25789901,1,1
12996,215533,1,0,0,0,626,580,0,1,0,0,9,21553304,0,1
13370,191411,0,0,0,1,449,416,1,1,0,0,13,19141103,1,1
18757,162184,0,0,0,1,520,434,0,1,0,1,2,16218404,0,1
17458,244723,0,1,0,1,423,411,1,0,1,0,8,24472305,1,1
18753,264945,1,0,0,0,547,518,0,0,0,0,3,26494502,0,1
17656,205489,0,0,1,0,484,445,1,0,0,0,14,20548902,0,1
21127,176329,0,0,1,1,489,436,0,1,0,1,27,17632902,0,1
16814,261927,0,0,1,0,520,514,1,1,0,0,11,26192704,1,1
13784,257899,0,0,0,0,484,456,1,1,0,0,13,25789901,1,1
18887,261927,0,0,0,0,468,442,1,1,0,0,13,26192702,1,1
12495,216536,0,0,1,0,484,425,0,1,0,1,8,21653603,1,1
20130,161176,0,0,1,1,423,408,1,1,0,0,6,16117603,0,1
21566,244818,0,1,0,1,449,413,1,0,1,0,10,24481801,0,0
12505,257899,1,0,0,0,494,424,0,1,0,0,12,25789905,1,1
12346,128068,1,0,0,0,547,472,0,1,0,0,11,12806803,0,1
17044,225585,0,0,1,0,434,405,0,1,0,1,15,22558502,0,1
15862,205489,0,0,1,0,489,458,0,0,0,1,10,20548904,0,1
14078,201449,1,1,0,1,494,421,0,1,0,0,12,20144902,1,1
11974,201449,0,0,1,0,547,460,0,1,0,1,4,20144901,1,1
13027,244727,1,1,0,1,463,414,0,0,0,0,12,24472703,0,0
20146,216536,0,0,1,1,478,411,1,1,0,0,2,21653601,0,1
14084,205492,1,1,1,1,449,427,0,0,0,0,0,20549201,0,1
16759,244745,1,1,1,1,547,442,0,0,0,0,5,24474501,0,0
16641,215533,0,0,1,0,528,476,0,1,0,1,6,21553303,1,1
15031,230612,0,0,0,1,547,455,1,1,0,0,6,23061203,1,1
17607,215533,0,0,0,1,418,414,1,1,0,0,0,21553306,0,1
17750,231616,0,0,0,1,439,386,1,1,0,0,20,23161603,0,1
17175,189378,0,0,1,0,444,431,1,1,0,0,17,18937801,1,1
12699,205488,0,0,0,0,506,470,0,0,0,1,4,20548803,1,1
19077,112038,0,1,1,1,412,397,1,0,1,0,6,11203802,1,1
14635,244755,0,1,1,1,429,393,1,0,1,0,1,24475504,0,0
14866,244708,0,1,1,1,434,397,0,0,1,1,14,24470801,0,1
12697,205490,1,1,1,1,399,374,0,0,1,0,11,20549002,0,1
16628,259915,0,0,1,1,459,400,1,1,0,0,5,25991503,1,1
18980,244774,0,1,1,1,513,433,0,0,1,1,6,24477402,0,0
14786,221574,0,1,1,0,468,428,0,1,0,1,8,22157403,1,1
14060,244727,1,1,0,0,454,413,0,0,0,0,12,24472703,0,0
15173,193422,0,0,0,1,506,467,1,1,0,0,11,19342203,0,1
13343,244755,0,1,0,1,576,470,0,0,1,1,3,24475507,0,0
15142,168211,1,0,1,0,489,463,0,1,0,0,27,16821102,0,1
11069,244774,0,1,1,1,439,428,1,0,1,0,6,24477405,0,0
20793,205491,0,0,0,0,506,434,0,0,0,1,15,20549102,0,1
13765,205490,1,1,1,1,399,403,0,0,1,0,11,20549002,0,1
15338,128076,0,0,0,0,473,450,1,0,0,0,8,12807602,0,1
17363,161183,0,0,1,0,536,522,1,1,0,0,12,16118301,1,1
10334,218562,0,0,0,1,506,483,0,0,1,1,11,21856203,0,1
16992,208501,1,0,1,0,444,421,0,1,0,0,12,20850102,1,1
15028,264945,0,0,0,0,484,460,0,0,0,1,8,26494505,1,1
13487,128076,0,0,1,0,454,436,1,0,0,0,8,12807602,0,1
15963,234628,1,0,0,1,478,445,0,1,0,0,9,23462803,1,1
13947,166203,0,0,0,0,484,440,0,0,1,1,1,16620304,0,1
20224,228606,0,0,0,1,423,405,1,1,0,0,13,22860602,0,1
14141,209510,1,0,0,1,478,410,0,1,0,0,3,20951002,0,1
14082,203452,0,0,0,1,449,430,1,1,0,0,11,20345202,0,1
17011,159171,0,0,1,0,559,483,1,1,0,0,10,15917103,0,1
15179,215533,1,0,1,0,547,467,0,1,0,0,9,21553304,0,1
11481,244776,1,1,1,1,434,414,0,0,1,0,10,24477606,1,0
12241,168211,0,0,0,1,473,416,1,1,0,0,10,16821101,0,1
18706,262937,0,0,1,0,478,448,1,0,0,0,15,26293702,1,1
12865,261927,0,0,0,1,559,437,1,1,0,0,13,26192702,1,1
13428,244780,0,1,1,1,602,391,1,0,1,0,10,24478002,0,0
16060,216536,0,0,1,1,484,424,0,1,0,1,22,21653604,0,1
13959,169229,0,0,1,0,494,437,1,0,0,0,13,16922903,1,1
18315,180344,1,0,1,0,412,414,0,0,1,0,0,18034402,0,1
17513,262937,0,0,1,0,602,465,0,0,0,1,18,26293703,1,1
15797,180344,0,0,0,0,500,447,0,0,1,1,13,18034404,1,1
15490,203452,0,0,0,1,473,430,0,1,0,1,19,20345201,0,1
17007,215533,1,0,0,0,602,538,0,1,0,0,9,21553304,0,1
17051,228606,0,0,0,0,412,402,1,1,0,0,13,22860602,0,1
12438,221571,0,0,1,0,429,393,1,1,0,0,3,22157101,0,0
15773,264945,1,0,0,0,494,467,0,0,0,0,3,26494502,0,1
13837,257905,0,0,1,0,506,487,0,0,1,1,14,25790502,0,1
12227,161183,0,0,1,0,536,461,0,1,0,1,16,16118306,0,1
17416,244774,0,1,0,1,478,414,0,0,1,1,6,24477402,0,0
18284,244745,1,1,0,0,626,483,0,0,0,0,5,24474501,0,0
12546,128079,0,0,1,1,412,397,0,1,0,1,8,12807903,0,1
14474,244736,0,1,0,1,520,447,0,0,1,1,6,24473603,0,1
15534,261927,0,0,1,1,454,402,1,1,0,0,13,26192702,1,1
16334,261927,1,0,1,1,489,395,0,1,0,0,11,26192701,1,1
13519,208503,1,0,0,0,513,492,0,1,0,0,3,20850303,1,1
13645,244746,0,1,1,1,429,407,1,0,1,0,5,24474602,0,1
19824,161176,0,0,0,0,468,411,0,1,0,1,20,16117601,0,1
16828,130085,1,0,0,0,478,437,0,0,0,0,8,13008503,1,1
15737,168214,0,0,0,1,506,434,1,1,0,0,16,16821403,0,1
17377,244755,0,1,1,1,429,408,1,0,1,0,1,24475504,0,0
13184,164198,0,0,0,0,484,467,1,1,0,0,4,16419803,1,1
15884,208503,0,0,1,0,484,419,1,1,0,0,8,20850301,1,1
14062,244839,0,1,0,0,547,465,1,0,0,0,20,24483903,0,0
13818,130085,1,0,1,0,473,425,0,0,0,0,8,13008503,1,1
15947,225585,0,0,1,0,399,402,1,1,0,0,13,22558503,0,0
14420,257905,0,0,1,1,468,433,1,0,1,0,8,25790506,0,1
16048,257905,0,0,1,0,463,442,1,0,1,0,8,25790506,0,1
15112,201449,1,0,0,0,528,456,0,1,0,0,7,20144904,1,1
19483,164198,0,0,0,0,506,458,1,1,0,0,4,16419803,1,1
11616,205491,0,0,0,1,463,425,0,0,0,1,15,20549102,0,1
11441,244723,1,1,1,1,429,400,0,0,1,0,6,24472304,0,1
21240,176329,0,0,1,1,576,468,0,1,0,1,4,17632903,0,1
14022,244774,1,1,0,1,500,445,0,0,1,0,1,24477403,0,1
13251,201449,0,0,0,0,513,472,1,1,0,0,6,20144903,1,1
16306,170295,1,0,0,0,494,442,0,1,0,0,14,17029502,0,1
21354,168211,1,0,1,1,459,413,0,1,0,0,14,16821105,0,1
14565,169229,0,0,0,0,602,545,0,0,0,1,15,16922901,1,1
17128,257899,1,0,1,1,484,439,0,1,0,0,12,25789905,1,1
16728,123056,0,0,1,0,528,448,1,1,0,0,16,12305603,0,1
21427,205488,1,0,0,0,439,431,0,0,0,0,0,20548801,0,1
17630,128076,0,0,0,1,506,433,1,0,0,0,8,12807602,0,1
12219,128068,1,0,1,1,459,425,0,1,0,0,11,12806803,0,1
15258,244839,1,1,1,0,576,439,0,0,0,0,21,24483902,0,0
14325,244776,1,1,1,1,444,405,0,0,1,0,10,24477606,1,0
14753,212522,0,0,0,0,473,421,1,0,1,0,4,21252205,1,1
15892,208503,0,0,0,0,444,410,1,1,0,0,8,20850301,1,1
14581,244746,0,1,1,1,459,424,1,0,1,0,5,24474602,0,1
17746,169229,0,0,1,0,463,427,0,0,0,1,10,16922905,0,0
13900,244780,0,1,0,1,559,425,1,0,1,0,10,24478002,0,0
13732,244764,1,1,1,1,489,450,0,0,1,0,1,24476401,0,0
15084,189378,0,0,0,0,489,434,0,1,0,1,2,18937802,0,1
16646,215533,1,0,1,1,536,453,0,1,0,0,9,21553304,0,1
15927,159171,0,1,0,1,468,413,0,1,0,1,8,15917102,1,1
21418,212522,0,0,0,1,463,419,0,0,1,1,21,21252203,0,1
12370,128068,0,0,0,1,520,474,0,1,0,1,12,12806801,1,1
19899,161176,0,0,1,1,468,418,0,1,0,1,20,16117601,0,1
14028,234628,0,0,0,0,536,458,1,1,0,0,8,23462805,0,1
10998,221571,1,1,0,1,384,398,0,1,0,0,7,22157105,0,1
18138,230612,0,0,0,0,559,463,1,1,0,0,6,23061203,1,1
12307,203457,0,0,0,0,513,510,1,1,0,0,12,20345701,1,1
17552,244736,0,1,1,1,513,455,1,0,1,0,0,24473602,0,1
16530,231616,0,0,1,1,454,407,1,1,0,0,20,23161603,0,1
13418,201449,0,1,0,1,536,447,1,1,0,0,6,20144903,1,1
15612,261927,0,0,1,0,484,425,1,1,0,0,11,26192704,1,1
17469,244727,1,1,0,1,468,434,0,0,0,0,1,24472704,0,0
20172,168214,0,0,1,1,463,421,0,1,0,1,6,16821401,0,1
16420,253888,1,0,0,0,489,437,0,1,0,0,13,25388801,0,1
21387,168211,1,0,1,0,547,442,0,1,0,0,14,16821105,0,1
13516,208501,0,0,0,0,520,440,1,1,0,0,13,20850101,0,1
13931,244774,1,1,1,1,444,407,0,0,1,0,0,24477401,0,1
11157,252885,0,0,0,0,513,485,1,1,0,0,5,25288503,0,1
17643,201449,0,0,0,0,528,483,0,1,0,1,4,20144901,1,1
21246,176329,1,0,0,1,484,440,0,1,0,0,21,17632904,1,1
13409,170295,0,0,1,0,484,414,0,1,0,1,1,17029504,0,1
18212,203457,1,0,0,0,494,455,0,1,0,0,9,20345702,1,1
21335,244806,0,1,0,1,506,421,0,0,1,1,1,24480601,0,1
12024,244776,1,1,1,1,429,408,0,0,1,0,5,24477603,0,0
17308,244806,0,1,1,1,444,453,0,0,1,1,1,24480601,0,1
14047,189382,0,0,1,0,439,431,1,0,0,0,15,18938202,0,1
13958,169231,1,0,0,1,463,411,0,0,1,0,9,16923101,0,1
17382,221571,0,1,0,1,423,384,0,1,0,1,21,22157104,0,1
17141,257905,0,0,0,0,506,437,1,0,1,0,8,25790506,0,1
15202,221574,0,0,0,0,449,407,1,1,0,0,2,22157404,0,1
14804,225585,0,0,1,0,559,424,1,1,0,0,13,22558503,0,0
14959,168214,0,0,1,1,429,408,0,1,0,1,6,16821401,0,1
12343,201449,1,1,1,0,459,439,0,1,0,0,12,20144902,1,1
12575,168211,0,0,1,1,459,431,1,1,0,0,10,16821101,0,1
17596,244746,1,1,1,1,478,434,0,0,1,0,17,24474601,1,1
12513,257905,0,0,0,0,528,460,1,0,1,0,8,25790506,0,1
20234,228606,1,0,1,0,576,565,0,1,0,0,8,22860601,1,1
19439,262937,0,0,1,0,626,467,0,0,0,1,18,26293703,1,1
15848,161183,1,0,0,0,528,490,0,1,0,0,10,16118304,1,1
15188,159171,1,1,1,0,478,416,0,1,0,0,10,15917101,0,1
13500,208503,1,0,1,1,489,403,0,1,0,0,3,20850303,1,1
21245,176329,1,0,1,0,478,440,0,1,0,0,21,17632904,1,1
11411,244708,1,1,0,1,454,421,0,0,1,0,0,24470806,0,1
14374,216536,0,0,1,1,489,451,0,1,0,1,8,21653603,1,1
16227,205488,0,0,1,0,520,436,1,0,0,0,12,20548802,0,1
17317,221571,0,0,0,0,473,413,1,1,0,0,3,22157101,0,0
21181,264945,0,0,1,0,513,476,1,0,0,0,3,26494503,0,1
18389,244799,0,0,0,0,536,456,0,0,0,1,13,24479902,0,1
20127,228606,0,1,0,1,489,430,0,1,0,1,14,22860604,0,1
12229,161183,0,0,1,0,489,447,0,1,0,1,16,16118306,0,1
13529,205489,0,0,1,0,506,514,1,0,0,0,14,20548902,0,1
13398,161183,0,0,0,0,602,485,1,1,0,0,8,16118305,0,1
16734,244839,1,1,1,0,528,545,0,0,0,0,21,24483902,0,0
14624,180344,0,1,0,1,429,407,0,0,1,1,1,18034405,0,1
13369,244755,0,1,0,1,489,418,0,0,1,1,9,24475503,0,0
12240,166203,0,0,1,0,473,416,0,0,1,1,1,16620304,0,1
20151,161176,1,0,0,1,449,410,0,1,0,0,2,16117602,0,1
12125,216536,1,0,0,0,559,460,0,1,0,0,13,21653602,1,1
17728,221571,0,1,0,1,412,388,1,1,0,0,13,22157103,1,1
17042,225585,0,0,1,0,454,416,1,1,0,0,13,22558501,1,1
12172,162184,0,0,0,1,484,405,0,1,0,1,6,16218403,1,1
18193,201449,0,1,1,1,439,439,1,1,0,0,6,20144903,1,1
13155,128079,0,0,0,0,473,456,0,1,0,1,8,12807903,0,1
14217,228606,0,0,1,1,473,410,1,1,0,0,13,22860602,0,1
15233,231616,1,0,1,0,506,443,0,1,0,0,12,23161601,0,1
17852,264945,1,1,1,0,463,419,0,0,0,0,17,26494501,0,1
11674,259915,1,0,1,0,536,451,0,1,0,0,15,25991502,0,1
21315,244806,0,1,1,1,384,467,1,0,1,0,12,24480604,0,0
12128,259915,0,0,1,1,506,424,1,1,0,0,5,25991503,1,1
16066,166203,1,1,0,1,423,414,0,0,1,0,5,16620303,0,1
16797,216536,0,0,1,0,423,397,0,1,0,1,22,21653604,0,1
11059,244736,0,1,1,1,500,425,0,0,1,1,6,24473603,0,1
13834,244818,1,1,0,0,473,433,0,0,1,0,11,24481803,1,1
13841,161183,0,0,1,1,536,487,1,1,0,0,12,16118301,1,1
18991,225585,1,0,1,0,506,490,0,1,0,0,13,22558504,1,1
14344,244774,0,1,0,1,473,405,0,0,1,1,2,24477404,0,1
12414,159171,0,0,0,1,528,480,0,1,0,1,8,15917102,1,1
14150,212522,0,0,0,1,528,440,1,0,1,0,4,21252205,1,1
12906,189396,0,0,1,0,454,428,1,1,0,0,4,18939602,0,1
14186,159171,0,0,1,0,478,436,0,1,0,1,8,15917102,1,1
20119,162184,0,0,1,1,473,418,1,1,0,0,4,16218401,0,1
16428,253888,1,0,1,1,454,414,0,1,0,0,13,25388801,0,1
16934,189378,0,0,0,0,478,425,1,1,0,0,17,18937801,1,1
12673,201449,0,0,0,1,506,448,1,1,0,0,6,20144903,1,1
18750,189382,0,0,0,0,494,450,1,0,0,0,15,18938202,0,1
13721,257905,1,0,1,0,454,455,0,0,1,0,14,25790505,0,1
15465,189378,0,0,0,0,489,442,1,1,0,0,17,18937801,1,1
17068,244839,0,1,1,0,626,500,1,0,0,0,20,24483903,0,0
16537,169229,0,0,1,0,547,527,0,0,0,1,10,16922905,0,0
18321,257905,0,0,0,0,489,460,1,0,1,0,8,25790506,0,1
21228,234628,1,0,0,0,494,472,0,1,0,0,20,23462802,1,1
21573,244746,0,1,1,1,449,433,1,0,1,0,5,24474602,0,1
12647,234628,0,0,1,1,418,403,0,1,0,1,9,23462801,0,1
17338,244755,0,1,1,1,506,425,1,0,1,0,1,24475504,0,0
13346,212522,0,0,1,1,459,430,0,0,1,1,17,21252204,1,1
16818,234628,0,0,1,0,484,427,0,1,0,1,10,23462804,1,1
12946,191411,1,0,1,1,520,510,0,1,0,0,8,19141102,1,1
13273,244774,1,1,0,1,459,507,0,0,1,0,0,24477401,0,1
12460,261927,0,0,0,0,626,554,1,1,0,0,11,26192704,1,1
13264,205488,1,0,0,0,536,458,0,0,0,0,0,20548801,0,1
12749,128076,1,0,1,0,494,408,0,0,0,0,7,12807603,0,1
15602,209510,1,0,0,0,463,431,0,1,0,0,13,20951003,0,1
21297,209510,1,0,1,0,513,424,0,1,0,0,3,20951002,0,1
17490,244708,1,1,0,1,468,408,0,0,1,0,0,24470806,0,1
21563,244708,0,1,0,1,439,418,0,0,1,1,14,24470801,0,1
17361,244723,0,1,0,1,494,445,0,0,1,1,1,24472303,0,0
20863,208501,1,0,1,1,405,393,0,1,0,0,12,20850102,1,1
18865,244723,0,1,1,1,399,405,1,0,1,0,8,24472305,1,1
12117,259915,0,0,0,0,513,440,1,1,0,0,5,25991503,1,1
14914,257905,1,0,1,0,478,470,0,0,1,0,14,25790505,0,1
13720,244776,0,1,0,1,473,430,1,0,1,0,9,24477604,0,0
15701,128068,1,0,0,0,478,456,0,1,0,0,11,12806803,0,1
13359,244755,1,1,0,1,468,418,0,0,1,0,7,24475502,0,1
17431,166203,0,0,0,0,459,419,1,0,1,0,13,16620302,1,1
15204,221574,1,0,0,0,459,442,0,1,0,0,8,22157402,1,1
13814,264945,0,0,0,0,547,453,1,0,0,0,3,26494503,0,1
16157,169219,1,0,0,0,494,418,0,0,0,0,18,16921903,0,1
13281,169231,1,1,1,0,506,467,0,0,1,0,9,16923101,0,1
16206,170295,1,0,0,1,439,425,0,1,0,0,14,17029502,0,1
16805,257905,1,0,0,0,484,427,0,0,1,0,11,25790507,0,1
17276,169229,0,0,0,0,434,434,0,0,0,1,10,16922905,0,0
14253,244728,0,1,0,1,468,411,0,0,1,1,1,24472801,0,1
19122,244831,0,1,0,1,454,421,1,0,0,0,18,24483102,0,0
17763,244755,1,1,0,1,444,416,0,0,1,0,7,24475502,0,1
17718,170295,0,0,1,1,463,418,0,1,0,1,1,17029504,0,1
16462,130085,0,0,1,0,484,421,1,0,0,0,22,13008501,1,1
18253,244839,1,1,0,1,478,390,0,0,0,0,21,24483902,0,0
14202,159171,0,0,0,0,528,490,0,1,0,1,6,15917104,0,1
15539,215533,1,0,1,0,626,440,0,1,0,0,9,21553304,0,1
15561,215533,0,0,1,1,429,405,1,1,0,0,0,21553306,0,1
16786,216536,1,0,1,1,528,421,0,1,0,0,13,21653602,1,1
11495,244708,0,1,1,1,449,411,1,0,1,0,2,24470803,0,1
15635,244755,0,1,0,1,602,538,0,0,1,1,3,24475507,0,0
13706,244728,0,1,0,0,468,434,1,0,1,0,15,24472803,1,0
14587,262937,0,0,0,0,468,428,1,0,0,0,15,26293702,1,1
18216,244745,1,0,0,1,494,434,0,0,0,0,15,24474504,1,0
17803,201449,0,0,1,1,536,472,1,1,0,0,10,20144905,0,1
21327,244755,0,1,1,1,434,424,1,0,1,0,24,24475505,0,0
11275,221571,1,0,1,1,412,388,0,1,0,0,7,22157105,0,1
12288,173312,0,0,1,1,536,492,0,1,0,1,11,17331201,0,1
14596,244801,1,1,0,1,506,393,0,0,0,0,8,24480103,0,0
14770,259915,0,0,1,0,454,431,1,1,0,0,5,25991503,1,1
12426,159171,1,0,1,1,489,490,0,1,0,0,10,15917101,0,1
15090,189396,1,0,1,0,439,411,0,1,0,0,12,18939603,0,1
16674,170295,0,0,0,0,520,483,0,1,0,1,1,17029504,0,1
15457,189382,0,0,1,0,520,478,0,0,0,1,17,18938201,1,1
14077,201449,0,1,1,1,392,400,1,1,0,0,10,20144905,0,1
17585,244755,0,1,0,1,484,431,1,0,1,0,11,24475501,0,1
16817,221574,1,0,0,0,473,427,0,1,0,0,8,22157402,1,1
14701,244736,0,1,0,1,392,413,1,0,1,0,0,24473602,0,1
17438,170295,1,1,0,1,463,422,0,1,0,0,14,17029502,0,1
17271,244774,1,1,1,0,489,500,0,0,1,0,0,24477401,0,1
17131,169219,0,0,0,0,547,554,1,0,0,0,12,16921902,1,1
18134,228606,0,0,1,0,494,427,0,1,0,1,12,22860603,0,1
12366,130085,0,0,0,1,528,439,1,0,0,0,22,13008501,1,1
14414,257905,1,0,1,0,513,458,0,0,1,0,14,25790505,0,1
15909,216536,0,0,0,0,489,445,1,1,0,0,2,21653601,0,1
15437,231616,0,0,0,1,405,388,0,1,0,1,9,23161602,1,1
12452,231616,1,0,0,0,484,430,0,1,0,0,12,23161601,0,1
15422,264945,1,0,0,0,506,428,0,0,0,0,3,26494502,0,1
10969,166203,0,0,0,1,429,403,1,0,1,0,13,16620302,1,1
15834,201449,1,0,0,0,459,439,0,1,0,0,12,20144902,1,1
15073,203452,0,0,0,0,494,458,0,1,0,1,19,20345201,0,1
13661,244776,0,1,1,1,449,440,0,0,1,1,3,24477608,0,0
21180,225585,0,0,0,1,478,443,1,1,0,0,13,22558503,0,0
17678,244745,1,0,1,0,478,421,0,0,0,0,5,24474501,0,0
17003,212522,0,0,1,0,506,425,1,0,1,0,4,21252205,1,1
13939,225585,1,0,0,0,576,487,0,1,0,0,13,22558504,1,1
13756,259915,0,0,1,1,439,424,1,1,0,0,5,25991503,1,1
20133,161176,0,0,0,0,459,400,0,1,0,1,6,16117604,0,1
10432,169229,0,0,1,0,559,461,0,0,0,1,15,16922901,1,1
17660,212522,0,0,1,0,513,465,0,0,1,1,17,21252204,1,1
17439,201449,0,0,0,0,473,428,1,1,0,0,6,20144903,1,1
11491,244728,0,1,0,1,473,424,1,0,1,0,15,24472803,1,0
14440,180344,0,1,0,1,506,455,0,0,1,1,13,18034404,1,1
19457,205490,1,1,1,1,444,400,0,0,1,0,11,20549002,0,1
11959,201449,1,0,1,0,506,422,0,1,0,0,12,20144902,1,1
14548,201449,1,0,1,0,489,418,0,1,0,0,12,20144902,1,1
13672,205490,0,1,1,1,399,403,1,0,1,0,12,20549003,0,1
19502,244806,1,1,1,1,576,463,0,0,1,0,10,24480606,0,0
16274,209510,0,0,0,0,494,410,0,1,0,1,15,20951005,0,1
17569,205488,0,0,0,0,463,436,0,0,0,1,4,20548803,1,1
16933,189382,0,0,0,0,473,474,1,0,0,0,15,18938202,0,1
12093,262937,0,0,0,0,513,437,0,0,0,1,8,26293704,1,1
17339,244755,1,1,0,1,449,400,0,0,1,0,7,24475502,0,1
11902,166203,0,0,1,1,454,439,1,0,1,0,13,16620302,1,1
21247,176329,1,0,1,0,463,437,0,1,0,0,21,17632904,1,1
14628,244799,1,1,0,0,489,421,0,0,0,0,10,24479901,1,1
15551,215533,0,0,1,0,576,468,1,1,0,0,15,21553302,1,1
13585,221571,1,0,0,0,444,405,0,1,0,0,7,22157105,0,1
13922,244799,0,1,1,1,473,433,0,0,0,1,5,24479903,0,0
12420,193423,1,0,0,0,559,468,0,1,0,0,12,19342303,1,1
16236,130085,0,0,0,0,478,424,1,0,0,0,22,13008501,1,1
13670,244723,1,1,0,1,429,413,0,0,1,0,17,24472301,1,1
16984,208501,0,0,1,0,500,403,0,1,0,1,5,20850104,0,1
14389,244736,1,1,0,1,405,402,0,0,1,0,11,24473601,0,1
13514,208503,0,0,1,0,500,397,1,1,0,0,8,20850301,1,1
15826,189382,0,0,0,0,478,443,1,0,0,0,15,18938202,0,1
14224,180344,0,0,1,0,463,411,0,0,1,1,1,18034405,0,1
14298,244839,0,1,1,0,489,453,0,0,0,1,11,24483905,0,0
16531,169280,1,0,1,0,489,443,0,0,0,0,7,16928003,0,1
12073,168211,1,0,1,1,468,430,0,1,0,0,27,16821102,0,1
15842,212522,0,0,0,0,602,485,0,0,1,1,17,21252204,1,1
16165,166203,1,0,0,1,418,398,0,0,1,0,5,16620303,0,1
12810,244806,0,1,0,1,473,408,0,0,1,1,1,24480601,0,1
16441,261927,0,0,0,0,494,448,1,1,0,0,13,26192702,1,1
18776,244728,0,1,0,1,429,414,1,0,1,0,15,24472803,1,0
19329,168214,0,0,0,1,520,439,0,1,0,1,6,16821401,0,1
15435,173312,0,0,0,1,484,485,0,1,0,1,11,17331201,0,1
11637,244708,0,1,0,1,494,419,1,0,1,0,2,24470803,0,1
17350,244839,0,1,0,0,576,450,0,0,0,1,11,24483905,0,0
16869,169231,0,0,1,0,405,395,1,0,1,0,3,16923103,1,0
13921,262937,0,0,0,0,520,442,0,0,0,1,18,26293703,1,1
17657,205491,0,0,0,1,449,422,0,0,0,1,0,20549101,0,1
18905,169229,1,0,1,1,463,425,0,0,0,0,5,16922904,0,0
12261,257899,1,0,1,0,513,428,0,1,0,0,12,25789905,1,1
14944,130085,0,0,0,0,528,443,0,0,0,1,7,13008502,1,1
16302,159171,0,0,0,0,576,605,1,1,0,0,10,15917103,0,1
12850,257905,0,0,1,0,626,627,0,0,1,1,14,25790502,0,1
16512,201449,1,0,0,0,513,428,0,1,0,0,7,20144904,1,1
21454,165199,1,1,0,1,429,419,0,0,1,0,12,16519903,1,1
11865,193422,0,0,1,0,559,483,0,1,0,1,8,19342202,0,1
14194,159171,1,1,1,1,489,416,0,1,0,0,10,15917101,0,1
14215,209510,1,0,1,0,494,538,0,1,0,0,3,20951002,0,1
14423,257905,0,0,0,0,506,497,1,0,1,0,5,25790504,0,1
15594,209510,1,0,0,0,489,463,0,1,0,0,13,20951003,0,1
12756,225585,0,0,1,0,500,419,1,1,0,0,13,22558503,0,0
21414,130085,0,0,1,0,454,434,0,0,0,1,11,13008504,0,1
17464,244799,1,1,0,1,434,400,0,0,0,0,10,24479901,1,1
21270,176329,0,0,0,1,547,458,1,1,0,0,2,17632901,0,1
12193,252885,0,0,0,1,478,447,1,1,0,0,5,25288503,0,1
12497,252885,0,0,1,0,626,565,0,1,0,1,14,25288501,1,1
12221,130085,0,0,0,0,484,421,1,0,0,0,22,13008501,1,1
13389,189378,0,0,1,0,468,434,1,1,0,0,17,18937801,1,1
20149,161176,0,0,0,1,454,407,0,1,0,1,6,16117604,0,1
17107,244745,0,0,0,1,459,395,1,0,0,0,1,24474503,0,0
18115,128068,0,0,0,1,449,414,0,1,0,1,12,12806801,1,1
16954,203452,1,0,0,0,444,433,0,1,0,0,5,20345204,0,1
13235,169280,1,0,1,0,528,458,0,0,0,0,7,16928003,0,1
19595,244806,0,1,0,1,520,431,0,0,1,1,1,24480601,0,1
16322,225585,0,0,1,0,500,436,0,1,0,1,15,22558502,0,1
17030,221571,1,1,0,1,405,376,0,1,0,0,7,22157105,0,1
14841,244723,1,1,0,0,423,410,0,0,1,0,6,24472304,0,1
21308,209510,0,0,1,0,444,451,1,1,0,0,8,20951001,1,0
17331,244723,0,1,0,1,423,390,0,0,1,1,1,24472303,0,0
12417,159171,0,1,1,1,484,470,1,1,0,0,10,15917103,0,1
13797,261927,0,0,0,0,434,405,0,1,0,1,3,26192703,0,1
11400,244727,1,1,0,0,473,448,0,0,0,0,1,24472704,0,0
21457,234628,0,0,1,0,536,455,0,1,0,1,9,23462801,0,1
16350,244774,0,1,1,0,528,428,0,0,1,1,6,24477402,0,0
12468,244755,1,1,0,1,500,439,0,0,1,0,7,24475502,0,1
11926,169219,1,0,1,0,528,490,0,0,0,0,18,16921903,0,1
13838,244780,0,1,0,1,536,443,1,0,1,0,10,24478002,0,0
15026,221574,0,0,0,0,484,440,0,1,0,1,8,22157403,1,1
14113,128079,1,0,1,1,513,451,0,1,0,0,8,12807902,0,1
13253,244755,0,1,0,1,439,419,1,0,1,0,1,24475504,0,0
18957,244755,0,1,1,1,500,451,1,0,1,0,11,24475501,0,1
15660,216536,1,0,1,0,478,410,0,1,0,0,13,21653602,1,1
20170,205488,0,1,1,0,506,430,1,0,0,0,12,20548802,0,1
15799,180344,0,0,0,0,528,476,1,0,1,0,5,18034401,0,1
15307,259915,0,0,1,0,463,424,0,1,0,1,11,25991501,1,1
14609,173312,1,0,1,0,602,483,0,1,0,0,13,17331203,0,1
15424,169231,0,0,0,0,399,407,1,0,1,0,3,16923103,1,0
12165,225585,0,0,0,0,468,410,1,1,0,0,13,22558501,1,1
15328,112038,1,0,0,1,444,419,0,0,1,0,17,11203803,0,1
12750,128068,1,0,1,0,459,433,0,1,0,0,11,12806803,0,1
16974,205488,0,0,1,0,484,460,1,0,0,0,12,20548802,0,1
21137,218562,0,1,0,0,528,443,1,0,1,0,0,21856204,0,1
12739,221574,1,0,0,0,626,545,0,1,0,0,8,22157402,1,1
16161,180344,1,0,1,0,459,416,0,0,1,0,11,18034403,0,1
14100,228606,1,1,0,0,513,445,0,1,0,0,8,22860601,1,1
11457,244776,1,1,0,1,520,467,0,0,1,0,5,24477603,0,0
14721,244796,0,1,1,1,506,428,1,0,1,0,11,24479602,1,0
15439,166203,1,0,1,1,494,424,0,0,1,0,5,16620303,0,1
14852,244831,1,0,1,1,536,456,0,0,0,0,2,24483103,0,1
16042,257899,1,0,1,0,468,458,0,1,0,0,12,25789905,1,1
12821,244697,0,1,0,1,405,380,1,0,1,0,6,24469701,1,1
13643,244728,0,1,1,1,454,492,1,0,1,0,15,24472803,1,0
11651,228606,0,0,0,0,536,447,0,1,0,1,12,22860603,0,1
17402,244776,1,1,1,1,423,407,0,0,1,0,5,24477603,0,0
16217,203457,0,0,0,0,494,456,1,1,0,0,12,20345701,1,1
14659,189396,0,0,0,0,506,413,0,1,0,1,5,18939601,1,1
13926,244774,0,1,0,1,494,410,0,0,1,1,2,24477404,0,1
17101,244776,0,1,0,1,489,422,1,0,1,0,9,24477604,0,0
20520,130085,0,0,1,0,536,467,0,0,0,1,11,13008504,0,1
16416,257905,1,0,0,1,494,478,0,0,1,0,14,25790505,0,1
18738,244780,0,1,0,1,489,407,1,0,1,0,10,24478002,0,0
14816,231616,0,0,0,0,602,455,0,1,0,1,9,23161602,1,1
11613,203452,0,0,0,0,444,391,0,1,0,1,19,20345203,0,1
15151,128076,1,0,0,1,444,407,0,0,0,0,7,12807603,0,1
20223,161176,1,0,0,0,473,450,0,1,0,0,2,16117602,0,1
15782,216536,1,0,0,0,449,411,0,1,0,0,13,21653602,1,1
18631,168211,0,0,1,0,536,461,1,1,0,0,10,16821101,0,1
21288,218562,0,0,1,0,405,390,1,0,1,0,0,21856204,0,1
12334,201449,1,0,0,1,536,472,0,1,0,0,7,20144904,1,1
19085,244736,1,1,0,1,528,476,0,0,1,0,11,24473601,0,1
12108,221574,0,1,1,1,454,419,0,1,0,1,1,22157401,0,1
11540,180344,0,0,1,0,454,407,0,0,1,1,1,18034405,0,1
12991,244745,1,0,1,1,484,410,0,0,0,0,5,24474501,0,0
17312,221574,0,0,1,0,459,390,0,1,0,1,1,22157401,0,1
14927,262937,0,0,1,0,536,451,1,0,0,0,15,26293702,1,1
13242,244831,0,1,0,1,536,445,1,0,0,0,18,24483102,0,0
11962,203452,0,0,0,1,449,395,1,1,0,0,11,20345202,0,1
12169,228606,1,0,0,0,559,430,0,1,0,0,8,22860601,1,1
15288,244745,1,1,1,1,484,443,0,0,0,0,15,24474504,1,0
14189,159171,0,1,0,1,513,447,0,1,0,1,8,15917102,1,1
19783,166203,0,0,0,0,484,424,1,0,1,0,13,16620302,1,1
21141,244801,1,1,1,1,434,403,0,0,0,0,8,24480103,0,0
10857,201449,1,0,0,1,434,419,0,1,0,0,7,20144904,1,1
19810,166203,0,0,1,0,478,437,0,0,1,1,1,16620304,0,1
12741,209510,0,0,1,0,468,425,0,1,0,1,10,20951004,0,1
11591,264945,0,0,1,0,489,439,0,0,0,1,5,26494504,0,1
14821,234628,1,0,0,0,520,436,0,1,0,0,20,23462802,1,1
14518,264945,0,0,0,0,528,470,0,0,0,1,5,26494504,0,1
18139,253888,1,0,0,0,506,418,0,1,0,0,13,25388801,0,1
20205,161176,0,0,1,1,468,411,1,1,0,0,6,16117603,0,1
21244,176329,1,0,0,1,454,413,0,1,0,0,21,17632904,1,1
21284,161183,0,0,0,1,494,431,1,1,0,0,8,16118305,0,1
11506,123056,0,0,1,0,484,419,1,1,0,0,16,12305603,0,1
21129,203452,1,0,1,1,468,416,0,1,0,0,5,20345204,0,1
17301,244745,1,1,1,0,489,437,0,0,0,0,5,24474501,0,0
14526,264945,0,0,0,0,513,450,0,0,0,1,8,26494505,1,1
15304,252885,0,1,0,1,454,414,1,1,0,0,5,25288503,0,1
14992,201449,1,0,0,0,473,465,0,1,0,0,7,20144904,1,1
10803,215533,0,0,1,1,418,393,1,1,0,0,0,21553306,0,1
21441,234628,1,0,0,0,444,402,0,1,0,0,9,23462803,1,1
21313,244806,0,1,1,1,444,453,1,0,1,0,12,24480604,0,0
18959,225585,1,0,0,1,463,428,0,1,0,0,13,22558504,1,1
14161,244799,0,1,0,0,489,465,1,0,0,0,6,24479904,0,1
21220,208501,0,0,0,0,559,439,0,1,0,1,5,20850104,0,1
13820,244801,0,1,1,0,439,411,0,0,0,1,20,24480104,1,1
14780,159171,0,0,1,0,576,514,1,1,0,0,10,15917103,0,1
17715,259915,1,0,1,0,459,403,0,1,0,0,15,25991502,0,1
13268,264945,0,0,0,0,528,480,0,0,0,1,8,26494505,1,1
17138,257905,1,0,1,1,484,455,0,0,1,0,11,25790507,0,1
14431,244806,0,1,1,1,547,447,0,0,1,1,11,24480607,0,1
15977,244818,0,0,0,0,500,453,1,0,1,0,9,24481804,0,0
10899,193422,1,0,0,1,459,443,0,1,0,0,9,19342201,0,1
16841,128079,0,0,1,0,399,386,1,1,0,0,8,12807901,0,1
13280,112038,1,1,1,0,500,419,0,0,1,0,17,11203803,0,1
17243,112038,0,0,0,1,412,402,0,0,1,1,12,11203801,1,1
11433,244796,0,1,1,1,468,419,1,0,1,0,11,24479602,1,0
14720,205492,1,1,1,1,463,413,0,0,0,0,0,20549201,0,1
17405,203452,1,0,1,0,429,419,0,1,0,0,5,20345204,0,1
16480,164198,1,0,0,1,459,413,0,1,0,0,13,16419801,1,1
16235,205489,1,0,0,0,484,403,0,0,0,0,3,20548903,0,1
12010,209510,1,0,0,0,418,411,0,1,0,0,3,20951002,0,1
15863,205492,1,1,1,0,454,434,0,0,0,0,0,20549201,0,1
12720,193423,0,0,1,1,576,458,1,1,0,0,13,19342304,1,1
14452,244780,0,1,1,1,559,437,1,0,1,0,10,24478002,0,0
13730,244764,0,1,0,1,602,465,0,0,1,1,13,24476402,1,0
17341,128079,0,1,1,1,439,424,1,1,0,0,8,12807901,0,1
20600,173312,0,1,0,1,434,437,1,1,0,0,11,17331202,1,1
13426,244723,0,1,0,1,494,439,0,0,1,1,1,24472303,0,0
19017,244796,1,1,1,1,478,456,0,0,1,0,3,24479604,0,0
11179,244776,1,1,1,1,468,450,0,0,1,0,10,24477606,1,0
14205,209510,0,0,1,1,463,434,0,1,0,1,15,20951005,0,1
17597,257899,0,0,0,0,463,421,0,1,0,1,8,25789903,0,1
16355,244723,1,1,1,1,429,402,0,0,1,0,17,24472301,1,1
14461,128076,0,0,1,0,473,414,0,0,0,1,0,12807601,0,1
11453,244801,1,0,1,0,528,448,0,0,0,0,8,24480103,0,0
20250,173312,0,0,0,1,449,463,1,1,0,0,11,17331202,1,1
21460,164198,0,0,0,0,513,468,1,1,0,0,4,16419803,1,1
12246,169280,0,0,1,1,375,388,0,0,0,1,12,16928001,1,1
20252,168211,1,0,0,0,559,434,0,1,0,0,14,16821105,0,1
18839,262937,0,0,0,0,468,440,0,0,0,1,8,26293704,1,1
14331,244776,1,1,0,1,449,430,0,0,1,0,5,24477603,0,0
18729,208503,0,0,0,1,449,419,0,1,0,1,8,20850302,1,1
15670,257905,1,1,0,0,459,443,0,0,1,0,14,25790505,0,1
14421,257905,1,0,0,1,444,437,0,0,1,0,11,25790507,0,1
16713,189378,0,0,1,0,454,414,1,1,0,0,17,18937801,1,1
